time,result/result_lasso.csv,result/result_ridge.csv,result/result_rf.csv
2021-02-01 00:00:00,24.30522684291384,24.087759799122008,21.940854853162733
2021-02-01 01:00:00,19.014280352391676,18.93290702814819,17.831001408541233
2021-02-01 02:00:00,17.082107553359084,17.011524245543455,16.86815273518716
2021-02-01 03:00:00,19.583365208138144,19.665106582428912,24.26811065468186
2021-02-01 04:00:00,28.66211835425924,28.645746711227027,29.78665125253786
2021-02-01 05:00:00,36.574582398526616,36.31035331234907,36.94910812096696
2021-02-01 06:00:00,31.63993328284524,31.366184966009023,33.409687380699246
2021-02-01 07:00:00,30.22426558551524,30.14915953267852,32.26486847258782
2021-02-01 08:00:00,25.27976080099678,25.526085524306,25.49362905193233
2021-02-01 09:00:00,26.38962928301924,26.486853064170607,25.737970459250423
2021-02-01 10:00:00,24.196238020644508,24.329627565527293,26.238409603015796
2021-02-01 11:00:00,27.37445238524279,27.322519740551787,27.339490611108022
2021-02-01 12:00:00,33.664311164003884,33.51001119703035,36.37079440300964
2021-02-01 13:00:00,40.47221704654652,40.01835380831363,43.337095642442726
2021-02-01 14:00:00,34.57988587783777,33.89683253279477,36.0020205230956
2021-02-01 15:00:00,32.006939979562134,31.529309370607063,33.44333427539332
2021-02-01 16:00:00,40.73319454686785,40.04548875796745,42.61421959218575
2021-02-01 17:00:00,40.72178403456036,39.93998536129059,39.86545595673197
2021-02-01 18:00:00,29.338279224989307,28.81780483234454,29.450990195198152
2021-02-01 19:00:00,20.943481550167306,20.61473097410349,18.60983043389459
2021-02-01 20:00:00,24.03072106619797,23.75397908310753,22.024000205479336
2021-02-01 21:00:00,10.470776050039966,10.49131633470125,10.275133363349962
2021-02-01 22:00:00,7.809147129826537,8.00792321359279,8.128815829825042
2021-02-01 23:00:00,14.019202704240268,14.180775660597911,15.549873024173412
2021-02-02 00:00:00,25.170525278609503,24.94268735684405,22.714513746396527
2021-02-02 01:00:00,22.45043269301244,22.289817919365596,19.3832692903306
2021-02-02 02:00:00,23.10580806701288,22.9122846967034,19.69722423729979
2021-02-02 03:00:00,38.56150085506499,38.32698105974874,33.148201178842065
2021-02-02 04:00:00,35.56781157171662,35.44330094655619,33.32870803580714
2021-02-02 05:00:00,35.62594600511599,35.11810037653928,35.22422631096284
2021-02-02 06:00:00,31.59833099540008,31.13352515403924,34.11095133372033
2021-02-02 07:00:00,26.72981668934138,26.517722603044145,28.12098687717407
2021-02-02 08:00:00,21.827047575092728,21.999314160789584,21.38167046078095
2021-02-02 09:00:00,23.01204026360083,23.14847971966652,21.79542756772347
2021-02-02 10:00:00,21.80080731367723,22.13924536387553,21.530078810959
2021-02-02 11:00:00,22.408167773350403,22.630154205404672,19.83313723862822
2021-02-02 12:00:00,27.74084295040995,27.7964509816276,26.70408220149517
2021-02-02 13:00:00,29.38193292952816,29.3020247091753,28.65638289122439
2021-02-02 14:00:00,28.70643377715528,28.37286811965948,29.7177467825141
2021-02-02 15:00:00,24.40302439031295,24.167495596175858,25.832441177816012
2021-02-02 16:00:00,26.22358574016129,25.88612074820707,27.00618869847809
2021-02-02 17:00:00,30.505278870116257,29.97152268724607,30.62008617223877
2021-02-02 18:00:00,33.81501981643892,33.46923865897941,35.38343465898344
2021-02-02 19:00:00,28.781250275752036,28.43467767294344,28.47860871289547
2021-02-02 20:00:00,27.508609077088543,27.215555540442896,26.2988194809285
2021-02-02 21:00:00,24.273815350900765,24.065491692136,19.80558531243663
2021-02-02 22:00:00,16.378660146243554,16.347867658577314,18.60693311706352
2021-02-02 23:00:00,17.380230838375383,17.349288532802987,17.034276415858915
2021-02-03 00:00:00,33.71499689286463,33.2198324621578,35.06811619380792
2021-02-03 01:00:00,31.801772804585507,31.27535878983624,32.15792374066788
2021-02-03 02:00:00,30.7515927093565,30.25076979140073,28.84443817106008
2021-02-03 03:00:00,34.94171156525708,34.50954167761232,28.551536513859823
2021-02-03 04:00:00,30.184036874301537,29.83227399608132,29.554864344658863
2021-02-03 05:00:00,30.325442574003556,29.908395927078068,28.494386807471727
2021-02-03 06:00:00,25.407487726430094,25.0060938071852,26.599560086172357
2021-02-03 07:00:00,21.420966124174985,21.28708504035934,21.492327765724323
2021-02-03 08:00:00,19.122439451067283,19.354392384494503,18.791662359777625
2021-02-03 09:00:00,21.147689173109168,21.295686161422708,19.88978972818153
2021-02-03 10:00:00,17.315519513936692,17.658869792794814,19.08300420942068
2021-02-03 11:00:00,18.79645885194717,19.0896364281955,19.19415855763572
2021-02-03 12:00:00,20.6595931521701,20.81528986030666,18.43432137212386
2021-02-03 13:00:00,24.0396271367336,24.051651816522043,23.058099787363624
2021-02-03 14:00:00,18.18068450424071,18.01386299389755,17.754658295115036
2021-02-03 15:00:00,12.171652956756612,12.22543181756653,13.682465215584632
2021-02-03 16:00:00,9.657441685485004,9.584488944838016,10.221936186237537
2021-02-03 17:00:00,12.241926480264487,12.043768221327287,12.09271095464184
2021-02-03 18:00:00,19.01312793501908,18.70520593224515,18.05736782572384
2021-02-03 19:00:00,20.918440148005416,20.55193163443272,17.26932614847285
2021-02-03 20:00:00,30.046074445797803,29.63380642104389,31.241772096826896
2021-02-03 21:00:00,30.32255726671644,30.029051482966715,34.2710227502502
2021-02-03 22:00:00,27.652581212449054,27.524725248634656,29.65062123417772
2021-02-03 23:00:00,23.462361290406907,23.396580776528072,20.15793361682757
2021-02-04 00:00:00,19.91195759200384,19.645657104723053,18.188875682577287
2021-02-04 01:00:00,18.95585041401394,18.786375235583048,17.802374522744454
2021-02-04 02:00:00,17.073760419305124,16.990591132319864,16.86815273518716
2021-02-04 03:00:00,29.07660659862855,29.00651037770062,24.971509839319584
2021-02-04 04:00:00,32.97191626462963,32.878518273390064,31.658194960328142
2021-02-04 05:00:00,34.81901081638573,34.4737017343083,33.54390339728515
2021-02-04 06:00:00,28.153764829313022,27.81967827252416,29.31779952824192
2021-02-04 07:00:00,24.99080599248377,24.85093149730238,27.62035950750681
2021-02-04 08:00:00,25.27141366694282,25.50515241108241,25.32090518173732
2021-02-04 09:00:00,22.07148423859488,22.233148388783977,21.73908584786121
2021-02-04 10:00:00,16.475329171815233,16.80274445181763,17.17253458373301
2021-02-04 11:00:00,23.99672998299975,24.11214064189953,21.411329966486804
2021-02-04 12:00:00,21.525024970690406,21.54222317217687,18.70080659095909
2021-02-04 13:00:00,17.974391027046956,17.8542344304664,17.615619315457305
2021-02-04 14:00:00,19.04611632276101,18.740796305767763,17.41820949416019
2021-02-04 15:00:00,14.801003491471766,14.809949820701114,12.91958781823088
2021-02-04 16:00:00,18.327120310549557,18.175630748505643,18.249697574609613
2021-02-04 17:00:00,11.418363714838632,11.293506229723205,10.74008679042928
2021-02-04 18:00:00,11.275524818081884,11.136456592088305,10.361302784477768
2021-02-04 19:00:00,15.776732338155206,15.547964967442006,14.83305208661251
2021-02-04 20:00:00,17.981979150382294,17.79041929227682,13.399600039094082
2021-02-04 21:00:00,15.595789591782252,15.45341677524478,14.300285172960464
2021-02-04 22:00:00,6.84368308548334,6.901798297187644,7.681182704716774
2021-02-04 23:00:00,6.9883024759734695,7.069224726914865,8.350341346758938
2021-02-05 00:00:00,11.233931832885323,11.033582187831838,10.037322170425735
2021-02-05 01:00:00,16.276483766387344,16.012261430181,15.659072412185148
2021-02-05 02:00:00,16.965247676603628,16.71846066041317,16.704734512665915
2021-02-05 03:00:00,22.919351940111376,22.770820114963207,26.486649917609896
2021-02-05 04:00:00,31.132806650536807,30.89653268603928,29.493911324715494
2021-02-05 05:00:00,29.568590189597067,29.389595964188636,29.021462574015167
2021-02-05 06:00:00,19.475538995957557,19.399594724410687,16.902836993823264
2021-02-05 07:00:00,14.61537182395282,14.804725286639188,13.562900209638464
2021-02-05 08:00:00,9.679214173488326,10.20258439149026,9.29201983103435
2021-02-05 09:00:00,12.54472092906399,12.936006386469732,12.766236273435052
2021-02-05 10:00:00,18.21413979443588,18.661526926337142,17.842457447995272
2021-02-05 11:00:00,24.853547901816807,25.07412933224981,22.72767323013337
2021-02-05 12:00:00,35.36131942494241,35.32812522835781,35.86629848448852
2021-02-05 13:00:00,39.598304711147605,39.39848162907165,38.34701706404642
2021-02-05 14:00:00,32.89910504512093,32.56856458839589,33.161179920539425
2021-02-05 15:00:00,30.39306960210162,30.24051208614509,31.39630882324732
2021-02-05 16:00:00,31.340118765024982,30.955282321378835,30.978950303175942
2021-02-05 17:00:00,28.724465811576525,28.264063138312256,26.520485491413478
2021-02-05 18:00:00,27.72454223035344,27.401013302030734,26.358667553508727
2021-02-05 19:00:00,23.58945966157805,23.305112326611177,24.071014039140834
2021-02-05 20:00:00,19.754311692043423,19.60493997383887,15.261081794291416
2021-02-05 21:00:00,11.377810156005436,11.450909458541252,8.393985084979068
2021-02-05 22:00:00,6.977237230346719,7.236728108765113,5.84260257968472
2021-02-05 23:00:00,3.6523157440002367,3.963511194380567,4.880108834604291
2021-02-06 00:00:00,7.015952397108506,7.031074871128309,5.877378422850703
2021-02-06 01:00:00,9.462609023523536,9.444971440311338,9.21079987980156
2021-02-06 02:00:00,7.563824760706793,7.607321110600972,8.164591446538521
2021-02-06 03:00:00,16.10547719724757,16.20353012509355,15.921185353206342
2021-02-06 04:00:00,22.6050293043896,22.66125380717272,21.167224636113904
2021-02-06 05:00:00,22.67151087184293,22.356986350379398,21.198536464377536
2021-02-06 06:00:00,17.736861756161545,17.412818004039348,17.662207216438354
2021-02-06 07:00:00,17.21153389668909,17.113519468101657,16.434642274390477
2021-02-06 08:00:00,16.651751154789714,17.103606409682246,16.814636765988862
2021-02-06 09:00:00,12.586589982158436,12.91267770673586,11.23092882514416
2021-02-06 10:00:00,22.507443510935307,22.660440893275247,21.04422503537248
2021-02-06 11:00:00,22.22446413275093,22.233622837411566,19.565359988790917
2021-02-06 12:00:00,25.86834480010128,25.730732941382445,26.357232220006104
2021-02-06 13:00:00,30.954000945306536,30.550153550445227,29.209013374979552
2021-02-06 14:00:00,35.478572849749284,34.83549254341118,36.62722126449637
2021-02-06 15:00:00,33.77933921263558,33.2798329292432,34.55408012425882
2021-02-06 16:00:00,27.89568598176257,27.51344119401193,25.67111662501964
2021-02-06 17:00:00,23.57447755908468,23.17516623517204,22.234680962008262
2021-02-06 18:00:00,28.681659140642672,28.48620510521229,27.859170622055967
2021-02-06 19:00:00,33.182866660715995,32.89771348056599,34.94166853391707
2021-02-06 20:00:00,31.061621294464768,30.865530016790583,34.2279869295814
2021-02-06 21:00:00,26.137966367155467,26.11027661915756,24.20141082615776
2021-02-06 22:00:00,16.520561425160892,16.703730583378373,18.321522385788363
2021-02-06 23:00:00,14.060938374510071,14.285441226715871,15.548123970587984
2021-02-07 00:00:00,14.828679720531357,14.788222230297482,12.018604803416723
2021-02-07 01:00:00,10.361295995435045,10.38363145092775,9.462409852417874
2021-02-07 02:00:00,11.932052609454914,11.986624465329152,11.963500585544413
2021-02-07 03:00:00,13.526276158268503,13.680613678374602,16.381995807207005
2021-02-07 04:00:00,7.903303031617293,8.14841843912156,5.282824146581032
2021-02-07 05:00:00,12.32946523952782,12.394512592610573,9.982468616579904
2021-02-07 06:00:00,15.190849179161368,15.165625378992512,16.5476651820188
2021-02-07 07:00:00,19.008707766275144,19.18283085811223,18.64938101255026
2021-02-07 08:00:00,15.79479985314801,16.269611965183792,16.61630979727789
2021-02-07 09:00:00,16.92136260327839,17.272245731495588,17.72465343031814
2021-02-07 10:00:00,26.02693380927105,26.3546771625804,25.54519589757876
2021-02-07 11:00:00,32.64964764854406,32.72541334204588,32.94766610354209
2021-02-07 12:00:00,39.72961396510284,39.64343146016009,36.957848610713626
2021-02-07 13:00:00,42.24434951397069,42.02486585865342,39.35281598143045
2021-02-07 14:00:00,32.94925454085702,32.630166144811525,33.82448592025975
2021-02-07 15:00:00,18.303932904524224,18.33432561770725,18.272453779539266
2021-02-07 16:00:00,12.336808333111602,12.358602750240063,11.396763916897791
2021-02-07 17:00:00,19.256132440423364,19.113452928563152,18.053661727961284
2021-02-07 18:00:00,20.802154744788137,20.56159284025438,19.940037587045207
2021-02-07 19:00:00,16.683766444120675,16.50755809128201,14.997034253140429
2021-02-07 20:00:00,18.023714820652096,17.89508485839478,15.471612274862482
2021-02-07 21:00:00,9.65556041866807,9.761987456320757,10.717103451314154
2021-02-07 22:00:00,12.185722112628616,12.40815968154456,10.870704562873396
2021-02-07 23:00:00,18.379083418934428,18.5391459021025,18.22249770167745
2021-02-08 00:00:00,17.416227893564383,17.332071790240022,17.241164819604016
2021-02-08 01:00:00,21.601828525424697,21.47675658809073,19.190012026805853
2021-02-08 02:00:00,21.400252597783435,21.265228920930088,19.49170973700651
2021-02-08 03:00:00,31.672501905715546,31.571293050866757,25.64137095022718
2021-02-08 04:00:00,30.376020957542643,30.31373560022393,30.35005603808127
2021-02-08 05:00:00,29.610459242691515,29.366267284454764,28.571509152102347
2021-02-08 06:00:00,24.68415726106409,24.443032051338303,25.53342657869797
2021-02-08 07:00:00,22.46162106641616,22.517610852850897,24.71975422623564
2021-02-08 08:00:00,20.16309439330845,20.584918196986063,19.68926655538233
2021-02-08 09:00:00,17.038289171446166,17.501312193699956,17.682614194665852
2021-02-08 10:00:00,29.63009552238336,30.06625319534372,28.87219841646183
2021-02-08 11:00:00,41.46129424393827,41.608420947588655,40.62139718448504
2021-02-08 12:00:00,42.48417151062742,42.54194616164854,41.02420164336836
2021-02-08 13:00:00,38.0932805334502,38.0618292018868,37.6251333742357
2021-02-08 14:00:00,31.3773865993156,31.19004593476385,32.43582539184908
2021-02-08 15:00:00,30.510062861681718,30.40558142542355,31.003359795797472
2021-02-08 16:00:00,33.17088124506384,32.91633479550603,32.13313334689049
2021-02-08 17:00:00,31.41217959325709,31.0591100569379,31.490758366266885
2021-02-08 18:00:00,20.03702191774001,19.95786264121544,18.009005391595206
2021-02-08 19:00:00,26.31056197947446,26.18389169813119,26.545324040788135
2021-02-08 20:00:00,29.347718691181367,29.19754112779368,31.96331441872647
2021-02-08 21:00:00,27.01161193690509,26.98613729010319,24.67644304200386
2021-02-08 22:00:00,18.21776976033637,18.32985324592809,19.31911782081494
2021-02-08 23:00:00,25.201305295852197,25.12736900519575,25.672289077196936
2021-02-09 00:00:00,26.01912944619724,25.755748688118917,24.986440420118612
2021-02-09 01:00:00,26.80196627365264,26.627255047646585,26.733923049746227
2021-02-09 02:00:00,24.91152914488985,24.810537831159813,21.79065912460526
2021-02-09 03:00:00,30.865633408397606,30.86289728570985,26.615328209413363
2021-02-09 04:00:00,27.78847278450962,27.769886040281392,26.737122645087297
2021-02-09 05:00:00,27.871448545833903,27.699476178712995,27.71877838135124
2021-02-09 06:00:00,22.911758027990643,22.69250849270217,22.84798122669825
2021-02-09 07:00:00,24.98232547560517,24.95799262993061,27.67407745100228
2021-02-09 08:00:00,30.4798318578124,30.74058110678777,30.31099239753293
2021-02-09 09:00:00,33.39542141771183,33.59960178110879,32.77889093158888
2021-02-09 10:00:00,33.057834037537845,33.46622809626344,32.971278142112986
2021-02-09 11:00:00,28.481751017091003,28.848504704683904,29.364689118902074
2021-02-09 12:00:00,31.251919423279404,31.533751260635068,31.263620641663078
2021-02-09 13:00:00,39.81539688796292,39.87874544995913,39.53252918746804
2021-02-09 14:00:00,29.671697747261515,29.67098440484237,30.876829272884365
2021-02-09 15:00:00,28.83776254584348,28.970252348396432,29.194270724444348
2021-02-09 16:00:00,25.458186147463888,25.53837904087179,26.707797266713715
2021-02-09 17:00:00,25.446775635156385,25.43287564419493,24.405319386359015
2021-02-09 18:00:00,26.12749950382549,26.026087998164115,25.005517269939503
2021-02-09 19:00:00,20.261820063658785,20.22033190730047,21.06774216672046
2021-02-09 20:00:00,13.81408251892924,13.913510654914845,15.848201572379176
2021-02-09 21:00:00,4.57228254719559,4.904552581895185,7.369592336236741
2021-02-09 22:00:00,7.926007006581994,8.300986798723075,8.400351438151091
2021-02-09 23:00:00,14.967972480475543,15.245034350555876,15.58485444497154
2021-02-10 00:00:00,16.5759708600306,16.539943572188754,16.273639872943974
2021-02-10 01:00:00,18.14898191669601,18.077979470426147,16.826764079712067
2021-02-10 02:00:00,9.327810168313963,9.400908678939428,8.999544423242437
2021-02-10 03:00:00,23.036211816866835,23.06388370009349,22.118704511655917
2021-02-10 04:00:00,31.26636079540019,31.23146249761675,30.534855654281483
2021-02-10 05:00:00,30.517359965832338,30.4538546541466,29.4050700795335
2021-02-10 06:00:00,27.321654855596247,27.240474536474228,29.49548252645747
2021-02-10 07:00:00,26.80467413017775,26.96210911376013,28.266189085923333
2021-02-10 08:00:00,27.110389898211,27.615132244285014,28.165208504829653
2021-02-10 09:00:00,24.792453173666644,25.239922006155812,25.006309706877573
2021-02-10 10:00:00,20.094985078798505,20.74817807980588,18.83987317996691
2021-02-10 11:00:00,24.09676220882264,24.491332246434457,22.240998101923974
2021-02-10 12:00:00,25.95989650904557,26.216985678545612,26.00825316775996
2021-02-10 13:00:00,40.60550442576061,40.60927211159476,43.612939446736846
2021-02-10 14:00:00,39.9383524074417,39.70104863530253,40.89412847068989
2021-02-10 15:00:00,22.680441195913986,22.798559208584937,21.815706881339526
2021-02-10 16:00:00,15.864779148325942,15.945777886916977,16.989950304451348
2021-02-10 17:00:00,24.52304726108299,24.431416293907745,23.99967899898152
2021-02-10 18:00:00,33.099969793714564,32.99110713928202,34.302439404005774
2021-02-10 19:00:00,29.82183852658088,29.729200608360912,28.623615717215007
2021-02-10 20:00:00,30.22971139498495,30.094334911962907,32.067079282057
2021-02-10 21:00:00,30.51454134995755,30.510513087109327,33.95920819995386
2021-02-10 22:00:00,26.063885619975068,26.170733057991637,28.35174907666973
2021-02-10 23:00:00,27.964143284018405,28.11081394283372,27.80738038239143
2021-02-11 00:00:00,35.67931351776687,35.51581474786246,36.66939797039585
2021-02-11 01:00:00,32.934179530007924,32.80014597071322,32.95568966837902
2021-02-11 02:00:00,32.74095073642063,32.60955141677617,32.64655686878804
2021-02-11 03:00:00,36.10750682689535,36.11806131138366,32.4602016885524
2021-02-11 04:00:00,30.48453370024414,30.585866072130624,31.130814809830035
2021-02-11 05:00:00,29.744013387554894,29.70119709603223,28.627887392837668
2021-02-11 06:00:00,24.834405674035395,24.819828089362957,25.40211449539764
2021-02-11 07:00:00,26.056368954062187,26.27225089531654,27.746740239797028
2021-02-11 08:00:00,26.378778990203354,26.96714025228861,27.470607405553768
2021-02-11 09:00:00,25.8581495180697,26.533247158318147,24.497868806040323
2021-02-11 10:00:00,24.57179236166044,25.33561478351484,24.12024000129206
2021-02-11 11:00:00,26.89305542461702,27.49451251404088,24.95615060099516
2021-02-11 12:00:00,25.26160744584145,25.71672326236949,22.77708780428135
2021-02-11 13:00:00,27.77634299470929,28.098157660862835,26.37446962536061
2021-02-11 14:00:00,27.97448941208604,28.04486174229265,28.06291574684503
2021-02-11 15:00:00,31.50891544224076,31.59543879472306,32.90183374363822
2021-02-11 16:00:00,41.9576198211208,41.60854881552619,44.46256502801055
2021-02-11 17:00:00,44.51706321373841,44.00502875234469,43.55466288861805
2021-02-11 18:00:00,41.81973122310288,41.70784762229119,41.08315673711648
2021-02-11 19:00:00,37.659607252165614,37.54914730720086,41.66954617462177
2021-02-11 20:00:00,39.848159796284776,39.749735405588495,43.47895320509815
2021-02-11 21:00:00,39.225955645291904,39.20632045689491,38.850752504799786
2021-02-11 22:00:00,39.14352776405754,39.2458437825054,43.79048137387789
2021-02-11 23:00:00,41.86734819352674,41.93618665895157,43.777365899906606
2021-02-12 00:00:00,43.508735109297646,43.314828333478815,45.05006493748425
2021-02-12 01:00:00,41.637246691288325,41.47502022727521,44.86740132597264
2021-02-12 02:00:00,41.444017897701016,41.28442567333816,42.25002338800735
2021-02-12 03:00:00,44.79387972006782,44.75106934149847,41.95217313783781
2021-02-12 04:00:00,40.02785789505832,40.05286854674389,39.92470885204135
2021-02-12 05:00:00,38.39699774451152,38.250472673252666,37.97932291168226
2021-02-12 06:00:00,34.34434133263372,34.20309811108185,37.59362584036001
2021-02-12 07:00:00,34.68431190885693,34.758727132866206,37.0600835897158
2021-02-12 08:00:00,34.11631541572823,34.59988671537138,33.99931694976394
2021-02-12 09:00:00,33.53732269662917,33.955464705909854,32.87629244006102
2021-02-12 10:00:00,28.806466065545184,29.37998832666555,28.31349996905737
2021-02-12 11:00:00,26.83455879482697,27.41197784440165,25.852842115868157
2021-02-12 12:00:00,34.76312927897351,35.14305729379071,34.83005446971062
2021-02-12 13:00:00,34.67362238670039,34.938775905894325,33.5871777751163
2021-02-12 14:00:00,27.949381318511836,28.04605952554779,27.89287468964175
2021-02-12 15:00:00,21.89033365811629,22.068032546949304,20.142879277585525
2021-02-12 16:00:00,18.477502106345494,18.424432540678463,18.687019919864383
2021-02-12 17:00:00,37.50265717934258,37.12733541388658,39.060915749491215
2021-02-12 18:00:00,34.73874819051231,34.4706980092666,36.79463923896619
2021-02-12 19:00:00,38.39969867705186,38.09007816656903,40.28342271160768
2021-02-12 20:00:00,39.73964705358328,39.4776049336818,40.76270535278341
2021-02-12 21:00:00,27.960381713140368,28.05039598006115,30.07363627166896
2021-02-12 22:00:00,18.351323905199752,18.664783057505563,19.60143927623566
2021-02-12 23:00:00,20.20149876491932,20.4792652630061,19.904272037612134
2021-02-13 00:00:00,26.186072127276464,26.174410952590748,24.475348050960807
2021-02-13 01:00:00,25.171535010908848,25.1685972908856,22.40171348774694
2021-02-13 02:00:00,23.256056479984174,23.289080734728053,21.08074886515681
2021-02-13 03:00:00,30.940757614883257,31.05129530472217,26.45052715313645
2021-02-13 04:00:00,38.28891388961303,38.3220803180762,37.59818768737884
2021-02-13 05:00:00,37.54832688551146,37.501408464903726,37.98473317643214
2021-02-13 06:00:00,31.76507360224234,31.744178787288817,33.52418547160652
2021-02-13 07:00:00,32.12173844657346,32.34167403552036,32.77270928472472
2021-02-13 08:00:00,31.56215577891105,32.1397696083232,33.01400081414853
2021-02-13 09:00:00,33.62914117122274,34.18572895136936,33.336959027547735
2021-02-13 10:00:00,31.510874115333667,32.216901471738375,31.01903066026678
2021-02-13 11:00:00,29.51399213386589,30.122094526877785,29.14786028770277
2021-02-13 12:00:00,33.947980339013924,34.3497312924843,33.95756027010728
2021-02-13 13:00:00,36.47941015598968,36.77303191742483,35.06513715530247
2021-02-13 14:00:00,35.828885714366365,35.9706717905057,38.13395048140385
2021-02-13 15:00:00,33.26435364155701,33.56008461861567,33.6984472507699
2021-02-13 16:00:00,35.90013062277724,36.00803864902738,38.14844936251417
2021-02-13 17:00:00,31.537186529829548,31.56509812406952,32.14698848831652
2021-02-13 18:00:00,18.348160716618487,18.35267309188931,18.4902399365166
2021-02-13 19:00:00,11.617182840756117,11.69198944330362,9.165978395625087
2021-02-13 20:00:00,12.083485647537914,12.203655539470756,10.67879547854128
2021-02-13 21:00:00,8.066864826194085,8.40799526567773,10.029354279675331
2021-02-13 22:00:00,4.489854665961227,4.944075907505673,7.701647158313228
2021-02-13 23:00:00,6.348376659734759,6.779491226229801,12.076097239021692
2021-02-14 00:00:00,7.981416441451703,8.137199787533454,11.414663843464147
2021-02-14 01:00:00,10.46146160408258,10.63482880961085,9.517053486770129
2021-02-14 02:00:00,11.98213541377868,12.112223144670702,12.245037171145908
2021-02-14 03:00:00,21.38908628601512,21.563359716885323,28.27903158862567
2021-02-14 04:00:00,20.90782096921412,21.035131144623,18.59801809602929
2021-02-14 05:00:00,17.52960298775576,17.545011052166426,17.16330061346808
2021-02-14 06:00:00,13.468599441824,13.476703376772017,15.69653612802989
2021-02-14 07:00:00,14.69056272185079,14.929126182725598,13.917224414730414
2021-02-14 08:00:00,15.886618327741584,16.499876210643304,17.153650750771973
2021-02-14 09:00:00,12.728424569663456,13.332537754462836,11.474120790778922
2021-02-14 10:00:00,15.82712291293488,16.428080714983057,13.182067185841497
2021-02-14 11:00:00,29.36387710371923,29.617304243001303,28.34052759554502
2021-02-14 12:00:00,30.37006010230046,30.50896323061401,29.44801185653341
2021-02-14 13:00:00,23.40824852878581,23.590860060282825,22.374870624049567
2021-02-14 14:00:00,18.439645734150464,18.47079813505115,17.34413502595752
2021-02-14 15:00:00,15.84172512512525,15.976478510266755,17.18022326332265
2021-02-14 16:00:00,19.401230480418885,19.425891890965648,19.26994900827136
2021-02-14 17:00:00,21.103722571394787,20.988377383285695,19.604905288220525
2021-02-14 18:00:00,26.160888040041336,26.10982045105848,25.579533350517067
2021-02-14 19:00:00,30.67878982822258,30.56319505285937,31.19907143544005
2021-02-14 20:00:00,35.47158481348269,35.349498937636724,40.85277721778967
2021-02-14 21:00:00,28.783944478566227,28.80065797166524,31.197329323361405
2021-02-14 22:00:00,20.88878927390901,21.08303393810655,20.484498523296345
2021-02-14 23:00:00,21.050102932507063,21.29232659428096,20.609340158480613
2021-02-15 00:00:00,16.609359396246447,16.62367602508312,16.38516863847867
2021-02-15 01:00:00,14.721176710129203,14.742001692432336,11.559953659126055
2021-02-15 02:00:00,11.940399743508875,12.007557578552744,11.940498636226677
2021-02-15 03:00:00,16.130518599409456,16.266329464764326,15.89041021270898
2021-02-15 04:00:00,28.695506890475084,28.729479164121397,29.813317919204533
2021-02-15 05:00:00,28.836912590177104,28.80560109511814,28.313554426815045
2021-02-15 06:00:00,24.775909044245346,24.737293419723727,25.993986245137982
2021-02-15 07:00:00,30.29932310058857,30.40155467461676,32.14999601497128
2021-02-15 08:00:00,25.37151258417803,25.820346892691425,25.30181514383624
2021-02-15 09:00:00,22.16316933036381,22.59140688009532,21.96779937501086
2021-02-15 10:00:00,13.06408485053171,13.636627146122834,14.252187121846688
2021-02-15 11:00:00,23.13129816447945,23.385207330029317,22.36348345822193
2021-02-15 12:00:00,23.26383559331105,23.401005646696383,22.59727779144388
2021-02-15 13:00:00,14.554732880297154,14.731181134473925,15.360518179016116
2021-02-15 14:00:00,24.279509224380156,24.103021464069812,20.744039748125765
2021-02-15 15:00:00,32.963856815614406,32.80649254256636,34.18622287082902
2021-02-15 16:00:00,41.70687234244036,41.30054103344802,41.72084477470278
2021-02-15 17:00:00,33.91612304292586,33.52162273049635,34.31795987002728
2021-02-15 18:00:00,38.95672762628914,38.47320532597013,40.84917472458043
2021-02-15 19:00:00,34.788256521297896,34.29357189765621,40.0931611994946
2021-02-15 20:00:00,35.246212194025745,34.78430488059975,40.45198063581972
2021-02-15 21:00:00,28.58361326127116,28.298263254299037,29.292539422745534
2021-02-15 22:00:00,17.235611447885255,17.181862103075765,19.513348399759167
2021-02-15 23:00:00,19.967779011408407,19.893138092745527,20.03119933692181
2021-02-16 00:00:00,38.89844037298465,38.32846469526648,40.73232663713253
2021-02-16 01:00:00,41.35344413345364,40.76329437767309,40.65973049418088
2021-02-16 02:00:00,39.4546598706369,38.92564404796273,40.88014250400279
2021-02-16 03:00:00,38.47802951452539,38.11764992751282,32.32636464767181
2021-02-16 04:00:00,28.511869941287937,28.26895067320237,28.120207389200097
2021-02-16 05:00:00,33.83671912110997,33.4537048373078,33.06531710427159
2021-02-16 06:00:00,36.70645019479748,36.24575073691334,40.64480781916122
2021-02-16 07:00:00,30.149074687617265,30.024758636592104,31.878524471120176
2021-02-16 08:00:00,14.887765747182543,15.31001884134379,12.679324504337984
2021-02-16 09:00:00,25.58269409428898,25.842454421939618,25.09786127018845
2021-02-16 10:00:00,29.51316895421558,29.837186733139347,28.43835039714056
2021-02-16 11:00:00,30.070446609564996,30.20249689532693,32.76360069395077
2021-02-16 12:00:00,33.62244211090944,33.53333987676422,35.37067905328585
2021-02-16 13:00:00,41.31234069725565,40.938476272216725,40.994688924555874
2021-02-16 14:00:00,33.772817306282874,33.38042813641562,34.39248038619839
2021-02-16 15:00:00,26.87344592094124,26.67427006269177,27.750802924604077
2021-02-16 16:00:00,20.04102291383296,19.843619637502545,19.73550139596184
2021-02-16 17:00:00,27.808951188732458,27.41153114710049,26.150647985607417
2021-02-16 18:00:00,38.08308205653951,37.59734465502449,40.74851805005461
2021-02-16 19:00:00,33.141130990446186,32.79304791444803,34.55860832286316
2021-02-16 20:00:00,28.482420255485703,28.342613570071634,31.336196248146244
2021-02-16 21:00:00,34.000776494902084,33.993022657668284,38.74476252656396
2021-02-16 22:00:00,37.37954235645037,37.45225621416694,41.74790685757435
2021-02-16 23:00:00,34.89487790363768,34.97116751783366,37.11120335214037
2021-02-17 00:00:00,33.948716646375544,33.80595963241837,34.60772262773634
2021-02-17 01:00:00,33.791130831649625,33.634140415211675,34.552992085763975
2021-02-17 02:00:00,32.69921506615082,32.50488585065821,32.373092551317455
2021-02-17 03:00:00,35.12534851444423,34.970070168531336,29.61401935211211
2021-02-17 04:00:00,29.519069655900942,29.47974115572548,29.799765926447783
2021-02-17 05:00:00,29.71903867680533,29.57440063343554,28.646798101407995
2021-02-17 06:00:00,27.330202063887167,27.069416280920077,29.081835668656584
2021-02-17 07:00:00,28.50208253959019,28.396240407532108,30.92433621481727
2021-02-17 08:00:00,33.11766290940615,33.21803797729412,33.168149167473565
2021-02-17 09:00:00,36.95698084337897,37.07851800190232,38.55605161177272
2021-02-17 10:00:00,38.28321326216464,38.48753452671234,38.50756275591657
2021-02-17 11:00:00,37.18495156119603,37.39538471539407,37.5327645371789
2021-02-17 12:00:00,37.158893443002384,37.0134538808129,36.84675015097655
2021-02-17 13:00:00,40.47208366372188,40.14634805416546,38.94321589040372
2021-02-17 14:00:00,38.94804703517357,38.34013301044887,39.76495393122352
2021-02-17 15:00:00,39.91148577757856,39.51672097523575,40.48660341699683
2021-02-17 16:00:00,39.95143414312412,39.33589520955541,42.346641214130095
2021-02-17 17:00:00,24.28118044775508,23.63236464164584,26.36028811840396
2021-02-17 18:00:00,23.31457871133551,22.9170443811846,18.353564831705675
2021-02-17 19:00:00,24.32120395241034,23.825110072755752,27.635575259573987
2021-02-17 20:00:00,15.269223966539846,14.932573033980404,12.579193196994936
2021-02-17 21:00:00,6.90106956455582,6.79947563190638,8.469451178791989
2021-02-17 22:00:00,4.189357840018624,4.190483831456367,7.228979512761939
2021-02-17 23:00:00,5.182581398096493,5.170971592458452,5.87761870095345
2021-02-18 00:00:00,12.90609876589892,12.596905510710782,10.389879872352914
2021-02-18 01:00:00,10.169311912193937,9.902169846785135,8.902112570050884
2021-02-18 02:00:00,6.531583643931906,6.33373128840709,10.48474910404046
2021-02-18 03:00:00,9.873098332244748,9.779441843343813,12.20315155849642
2021-02-18 04:00:00,11.164165557104877,11.06573395264353,12.115467537071131
2021-02-18 05:00:00,17.371140823555137,17.01928765506635,17.055764582479387
2021-02-18 06:00:00,11.48772193163848,11.01086061876834,13.027598965179989
2021-02-18 07:00:00,12.70133807761131,12.442350311498334,12.810954979342064
2021-02-18 08:00:00,12.990359577536632,13.053507215576037,13.92111387449857
2021-02-18 09:00:00,19.333687652590555,19.312502790816787,18.681859689165137
2021-02-18 10:00:00,13.745813028452549,13.967029089999944,15.11939698647024
2021-02-18 11:00:00,15.176736253551574,15.208199923133163,15.335759030248468
2021-02-18 12:00:00,13.637106749369586,13.66067491692129,11.7975711585104
2021-02-18 13:00:00,20.50337587887762,20.379546443695624,18.711389489828758
2021-02-18 14:00:00,22.44046630169965,22.05703875379312,22.8124883592564
2021-02-18 15:00:00,25.94971754686785,25.672810712404587,28.97454228120248
2021-02-18 16:00:00,25.17438358962921,24.826653191269667,26.655538619046723
2021-02-18 17:00:00,26.01992437896341,25.555144239091263,26.08015417050088
2021-02-18 18:00:00,29.329932090935344,28.796871719120947,29.51990282577745
2021-02-18 19:00:00,26.900404991389404,26.348026519474704,27.05513060444249
2021-02-18 20:00:00,29.979297373366112,29.466341515255152,32.42871963076907
2021-02-18 21:00:00,25.06398958011077,24.732021230845717,22.769372091111663
2021-02-18 22:00:00,21.5120208220398,21.330901212344436,17.564253513785314
2021-02-18 23:00:00,18.18709933569332,18.05768429795989,17.71370239322906
2021-02-19 00:00:00,18.081195111964977,17.684604630595864,16.794766371674434
2021-02-19 01:00:00,16.209706693955653,15.844796524392262,15.713804242381327
2021-02-19 02:00:00,16.024825034422314,15.6751350836788,16.474855837950905
2021-02-19 03:00:00,20.231638158430812,19.975773196337567,19.31228370805512
2021-02-19 04:00:00,24.97555199201964,24.660842423301872,25.165319870210716
2021-02-19 05:00:00,30.300334480429346,29.90959371033321,29.37639024136597
2021-02-19 06:00:00,26.23933093449759,25.841286034938797,28.272608677018088
2021-02-19 07:00:00,25.73069734313306,25.58385372544829,28.68158529440192
2021-02-19 08:00:00,27.725274312287823,27.84206640529931,29.114197438147077
2021-02-19 09:00:00,24.58377482231761,24.716594175566023,26.020017494229517
2021-02-19 10:00:00,30.27823508985139,30.50491405510421,30.238933525137764
2021-02-19 11:00:00,30.86055414736268,30.933023556962567,33.58973042783272
2021-02-19 12:00:00,31.009785844302208,30.99068810007682,33.304947201212734
2021-02-19 13:00:00,37.00240940406061,36.83369895590552,35.194897657253435
2021-02-19 14:00:00,31.143466771567724,30.795910133281023,32.338119646097915
2021-02-19 15:00:00,32.9221211453446,32.7018269764484,33.69199443896715
2021-02-19 16:00:00,29.550958572431288,29.22688965922144,30.02993550610232
2021-02-19 17:00:00,35.60498424404739,35.12681227982248,35.431169507671235
2021-02-19 18:00:00,38.90664482196537,38.34760664662858,41.055430894933
2021-02-19 19:00:00,40.82030416900567,40.21526546203974,40.400459785698
2021-02-19 20:00:00,36.95176766325518,36.43136065637306,40.759731484697696
2021-02-19 21:00:00,29.448911696966817,29.15319081202108,30.241313987827137
2021-02-19 22:00:00,16.403701548405436,16.41066699824809,18.38813549007909
2021-02-19 23:00:00,13.103821464220838,13.200249423534316,11.160152165674717
2021-02-20 00:00:00,9.578459167979648,9.512125091400073,9.593408164509594
2021-02-20 01:00:00,18.989238950229787,18.87010768847741,17.897056768531943
2021-02-20 02:00:00,18.81270442475041,18.721379360987545,17.60545047742687
2021-02-20 03:00:00,24.75011442015024,24.7318725890904,22.194843319709367
2021-02-20 04:00:00,26.914827214759992,26.894025369335758,26.323746082859014
2021-02-20 05:00:00,27.888209505354148,27.677345282234263,27.77136456751892
2021-02-20 06:00:00,21.23131065233541,21.04425493367372,21.189450555050275
2021-02-20 07:00:00,19.80729582095144,19.806296387119623,21.12867288800824
2021-02-20 08:00:00,22.675451668443507,23.00436686084219,22.488770739781828
2021-02-20 09:00:00,28.103465194890315,28.218839076093424,26.472963880218224
2021-02-20 10:00:00,23.314178625428603,23.496830904283986,22.93687269263792
2021-02-20 11:00:00,25.510234677575763,25.341731936456146,26.13741201477479
2021-02-20 12:00:00,31.74159682654681,31.44668872329548,34.61531665990194
2021-02-20 13:00:00,36.09544198950748,35.810108709139605,35.64760170937502
2021-02-20 14:00:00,38.91452511613309,38.38439480340633,40.43155746227551
2021-02-20 15:00:00,27.77213289285275,27.612930073308185,27.471418259709345
2021-02-20 16:00:00,20.074411450048803,19.927352090396912,19.607693158404693
2021-02-20 17:00:00,17.508841300924118,17.36173158667188,17.374809820822684
2021-02-20 18:00:00,16.509051102525667,16.37068750453853,16.9829176649126
2021-02-20 19:00:00,10.660065930466882,10.606797640122068,8.819629813599427
2021-02-20 20:00:00,16.334853619530577,16.289895309068648,14.610199543354588
2021-02-20 21:00:00,8.781914848918445,8.886126785375119,10.658487288157096
2021-02-20 22:00:00,15.621874453249385,15.76507057276196,16.297832498244478
2021-02-20 23:00:00,14.002508436132343,14.138909434150728,15.250451166747206
2021-02-21 00:00:00,12.166007341012676,12.055974651342614,11.08498407953206
2021-02-21 01:00:00,12.907108498198266,12.82281544475233,10.886274223657884
2021-02-21 02:00:00,4.069242481708297,4.103878426818428,8.695814163777138
2021-02-21 03:00:00,10.023346745216047,10.156237881368464,12.59530585265364
2021-02-21 04:00:00,15.657600416662412,15.759034005725589,12.951911778821977
2021-02-21 05:00:00,15.799006116364437,15.83515593672234,11.88811860024262
2021-02-21 06:00:00,12.6116481401823,12.64270893227356,12.242661790246794
2021-02-21 07:00:00,12.884841643973816,13.030873048269184,11.405385923987517
2021-02-21 08:00:00,18.340612355911237,18.708795959008377,18.225244524593563
2021-02-21 09:00:00,22.920021714770296,23.110206842984752,21.230006111974507
2021-02-21 10:00:00,26.808760904427096,27.000273588066523,28.331479856594346
2021-02-21 11:00:00,24.753448984581595,24.75893485064079,23.10499836356297
2021-02-21 12:00:00,33.56401217253171,33.386808084199075,34.80640366721356
2021-02-21 13:00:00,33.46622483761696,33.097596460153184,32.39658042067868
2021-02-21 14:00:00,27.64067074133991,27.143540090423063,27.43454758442852
2021-02-21 15:00:00,25.933156661584565,25.502950240105573,28.919811566757705
2021-02-21 16:00:00,30.366307586627823,29.8282242917501,31.59894772923376
2021-02-21 17:00:00,24.30615515850464,23.759161104242526,25.69588674470525
2021-02-21 18:00:00,25.04517558272684,24.626899496628685,17.9795857464726
2021-02-21 19:00:00,29.579771639016005,29.12214032487675,29.689394053829144
2021-02-21 20:00:00,22.308471328860605,22.06505708088704,15.73391852099306
2021-02-21 21:00:00,29.524035903452468,29.341588831033405,31.919828922939693
2021-02-21 22:00:00,29.458302290326028,29.422978383091078,32.79095957729484
2021-02-21 23:00:00,27.88067194347879,27.901482810597805,27.620975538363084
2021-02-22 00:00:00,25.19556668077139,25.00548669651483,23.05580730316235
2021-02-22 01:00:00,25.06302226820735,24.896466818978908,21.204371225108883
2021-02-22 02:00:00,23.164238005390605,23.058816489268544,20.045554943319303
2021-02-22 03:00:00,27.379398263453076,27.3803877151509,22.987548759582697
2021-02-22 04:00:00,22.613376438443563,22.682186920396312,21.167224636113904
2021-02-22 05:00:00,21.00742430723401,21.070584632427703,18.71357182423312
2021-02-22 06:00:00,16.047733789390747,16.06361694641688,16.565720153778447
2021-02-22 07:00:00,12.868080684453576,13.053003944747916,11.207165573103588
2021-02-22 08:00:00,13.955690239055192,14.287626377833012,12.798783361251107
2021-02-22 09:00:00,18.54344673196822,18.70997037503298,18.81247001178751
2021-02-22 10:00:00,16.375230254580018,16.48754997020861,18.41535325397951
2021-02-22 11:00:00,22.1242985241034,21.982425478728462,20.59704296289749
2021-02-22 12:00:00,20.534519524185324,20.37329891610095,18.432550204869223
2021-02-22 13:00:00,23.947942044964663,23.6933933252107,23.036750591440423
2021-02-22 14:00:00,30.228152222960617,29.751386773291514,30.856851610461877
2021-02-22 15:00:00,32.00680659673749,31.657303616458897,33.24248056980348
2021-02-22 16:00:00,35.57465908608508,35.12765011038138,34.814954143512125
2021-02-22 17:00:00,37.31888684733079,36.79480116881938,37.31693310100571
2021-02-22 18:00:00,27.64941802386779,27.21261528301841,27.27275707796307
2021-02-22 19:00:00,23.505988321038444,23.09578119437526,25.13401954877294
2021-02-22 20:00:00,23.148728362394383,22.857185298938308,18.73259943019657
2021-02-22 21:00:00,13.906928390660736,13.84822722591865,11.67023550168509
2021-02-22 22:00:00,5.188210420577665,5.380341200755881,4.682569675482697
2021-02-22 23:00:00,4.500919911587977,4.7765725256554274,5.332736481433829
2021-02-23 00:00:00,10.460451871783237,10.408918875569302,9.699647861614588
2021-02-23 01:00:00,13.797448336055814,13.74054234214515,11.02679889411909
2021-02-23 02:00:00,11.890316939185109,11.881958899211194,11.9103457196957
2021-02-23 03:00:00,17.836074068638897,17.91338524053764,22.88438757356112
2021-02-23 04:00:00,12.221448076041646,12.40212311450819,12.235497665885823
2021-02-23 05:00:00,11.480794380527762,11.645448384261623,9.7595713275324
2021-02-23 06:00:00,6.554492398900341,6.722213151145168,6.796780288464353
2021-02-23 07:00:00,5.130477567516376,5.48425460459107,5.752319749421865
2021-02-23 08:00:00,14.896046189824183,15.394949077493296,12.872555145264982
2021-02-23 09:00:00,20.357448252486837,20.693153745638902,18.973723680288803
2021-02-23 10:00:00,19.12952103445531,19.642053163400732,18.276491024833955
2021-02-23 11:00:00,29.1633458121872,29.306900894412845,29.63930124258049
2021-02-23 12:00:00,37.10861056444165,37.07984657024909,38.25579156022528
2021-02-23 13:00:00,43.991573962057615,43.8405843234706,38.59452931053399
2021-02-23 14:00:00,27.73235583310884,27.5017985817344,26.95567367167973
2021-02-23 15:00:00,11.348156882743076,11.41117270303653,11.545641219947424
2021-02-23 16:00:00,24.42607841351364,24.136794972826078,26.248706883681056
2021-02-23 17:00:00,37.46926864312674,37.04360296099221,38.49574033978693
2021-02-23 18:00:00,39.09862890520647,38.82906825077119,40.61349842450983
2021-02-23 19:00:00,34.081553632627504,33.83637349118241,39.32248466531558
2021-02-23 20:00:00,34.531162171301375,34.30617336090236,39.83010831826305
2021-02-23 21:00:00,36.52989472955738,36.39034042504567,35.89564897328357
2021-02-23 22:00:00,30.356989262237537,30.361638393707487,34.778858358420806
2021-02-23 23:00:00,27.91406047969464,27.98521526349217,27.889096493002565
2021-02-24 00:00:00,28.69849609382384,28.52986249352096,28.381135729554217
2021-02-24 01:00:00,27.709000379618107,27.58684817148659,27.57463877113971
2021-02-24 02:00:00,27.549160122246647,27.479986070443903,25.825625203873347
2021-02-24 03:00:00,33.46987584953855,33.448613072099576,26.972916996997142
2021-02-24 04:00:00,29.50237538779302,29.43787492927829,29.78749735585817
2021-02-24 05:00:00,28.75344124963749,28.59626996288222,28.29584478093449
2021-02-24 06:00:00,24.742520508029504,24.65356096682936,25.94530714190083
2021-02-24 07:00:00,25.931095251840446,26.02225131988858,27.847067895017908
2021-02-24 08:00:00,27.043679517191627,27.38367021557037,27.803989365115
2021-02-24 09:00:00,29.8424092003356,29.949627304761105,28.77793428889405
2021-02-24 10:00:00,30.303343183425596,30.50371627184907,30.09322015077146
2021-02-24 11:00:00,23.114670587783845,23.27934398065621,22.288076890511835
2021-02-24 12:00:00,31.900192373572075,31.844417874543726,34.42968866505674
2021-02-24 13:00:00,30.945387045603297,30.785208928925297,30.96583417296354
2021-02-24 14:00:00,21.62518397891543,21.39170699833854,21.319182198418027
2021-02-24 15:00:00,18.21204773851833,18.168058495173657,19.015867132293657
2021-02-24 16:00:00,19.19235205483289,19.0945554291536,18.646207238097645
2021-02-24 17:00:00,16.610087637600287,16.487068698981382,17.44852428221631
2021-02-24 18:00:00,9.528233678582636,9.384735250197034,8.81912116624794
2021-02-24 19:00:00,6.258449545502916,6.1437618324995205,8.125782874125811
2021-02-24 20:00:00,14.504091139491718,14.328842834941462,12.729140205133715
2021-02-24 21:00:00,11.302685949519784,11.262511439528929,8.041501733403123
2021-02-24 22:00:00,1.7019752756331308,1.897831630196929,3.4615230362501026
2021-02-24 23:00:00,5.274399872690067,5.401235837917962,5.5722786936369655
2021-02-25 00:00:00,4.336585749481905,4.256961065726259,4.427289431332934
2021-02-25 01:00:00,10.252783252733549,10.111500979021056,9.274725223205817
2021-02-25 02:00:00,11.815192732699456,11.693560880198866,11.175744312910894
2021-02-25 03:00:00,13.442804817728891,13.471282546138683,13.944732520321256
2021-02-25 04:00:00,24.260501969295277,24.18271090360448,23.12255738251845
2021-02-25 05:00:00,27.81295191604385,27.616941509073765,27.601303055774284
2021-02-25 06:00:00,24.63394107391569,24.44542761784858,26.15289473722721
2021-02-25 07:00:00,28.468493929137384,28.504499323415484,30.032134808551568
2021-02-25 08:00:00,23.523989144618927,23.881425315042964,24.804640480322167
2021-02-25 09:00:00,22.07135085577024,22.361142634635808,21.20111970665077
2021-02-25 10:00:00,19.0460496939157,19.43272203116482,19.0040580418455
2021-02-25 11:00:00,19.820352834668096,20.34229313716579,18.33812423528008
2021-02-25 12:00:00,24.296143401498256,24.610598345964345,22.6380690682912
2021-02-25 13:00:00,27.62636134738727,27.46537313113452,26.52643775183761
2021-02-25 14:00:00,30.445444474012884,30.039659225401245,31.055202519352832
2021-02-25 15:00:00,30.435005346608385,30.153186283485304,30.29160596815923
2021-02-25 16:00:00,32.263913830510695,31.892744548740108,32.36089455063989
2021-02-25 17:00:00,24.473164530996183,24.11382624578845,24.27948800310122
2021-02-25 18:00:00,21.750924521023407,21.625851530212344,20.27438415055504
2021-02-25 19:00:00,20.17834872311917,20.011000775064552,19.36135912929503
2021-02-25 20:00:00,21.50160283154267,21.35666131573014,18.328184568602552
2021-02-25 21:00:00,10.537553122471657,10.658781240489985,10.425113373145088
2021-02-25 22:00:00,0.0631968788353782,0.4182407602123508,1.53258962656155
2021-02-25 23:00:00,2.8120587104664576,3.1713829763292987,2.9151740915262434
2021-02-26 00:00:00,12.224437279390404,12.202506443907758,10.825760865579364
2021-02-26 01:00:00,12.94049703441411,12.906547897646698,10.778310034343976
2021-02-26 02:00:00,17.098801821467006,17.05339047199064,16.719600310394064
2021-02-26 03:00:00,29.95025216837817,29.882371048646256,27.49737840982044
2021-02-26 04:00:00,32.114964962987926,32.04452382889161,31.78929633432753
2021-02-26 05:00:00,30.450916350462247,29.96640413372829,29.50772389423354
2021-02-26 06:00:00,26.38156567047653,25.87716334511028,27.91638771727971
2021-02-26 07:00:00,22.411738336329343,22.2000208047316,24.88386248522021
2021-02-26 08:00:00,20.16329446754541,20.39292682820832,19.467996509468875
2021-02-26 09:00:00,23.910793926924654,24.023142607357016,22.041120251587948
2021-02-26 10:00:00,22.657825306731244,22.90924268544807,21.449487212027844
2021-02-26 11:00:00,24.08874853183028,24.15041351858129,21.382611387704763
2021-02-26 12:00:00,25.10321197305315,25.127002742343503,22.535474585472663
2021-02-26 13:00:00,23.3081496115506,23.27566557867381,22.776332134134428
2021-02-26 14:00:00,31.352345197153717,31.12724659509308,32.376073417312185
2021-02-26 15:00:00,30.52675712978964,30.44744765187073,31.32704359470958
2021-02-26 16:00:00,34.97653563152849,34.878585052888354,37.109509737012665
2021-02-26 17:00:00,41.84577693451649,41.50783655186989,42.13767542983583
2021-02-26 18:00:00,44.28207238532649,43.93770048387986,40.31863670820622
2021-02-26 19:00:00,35.795456235910905,35.50436238017931,40.01251675547967
2021-02-26 20:00:00,33.64916946749779,33.40937957673312,37.68252983413994
2021-02-26 21:00:00,24.399022361710184,24.379488390489875,19.94596424591988
2021-02-26 22:00:00,10.463472375291255,10.719237679324063,8.052833240137403
2021-02-26 23:00:00,7.995502190586474,8.28001520943797,9.075262438751048
2021-02-27 00:00:00,7.066035201432273,7.15667355046986,5.723611313888244
2021-02-27 01:00:00,11.285024369508436,11.385090801214936,10.369687949833676
2021-02-27 02:00:00,10.259885676441318,10.423301142450203,9.497963113069334
2021-02-27 03:00:00,14.46669880044982,14.72393925510897,16.155021716361592
2021-02-27 04:00:00,13.16187071822296,13.445448691242555,11.770422253967398
2021-02-27 05:00:00,21.87305619999127,21.60552657552017,19.779967868119016
2021-02-27 06:00:00,17.845441190275363,17.620951353020125,18.710869735153576
2021-02-27 07:00:00,18.21045316866045,18.239379714475252,17.863914248133643
2021-02-27 08:00:00,19.389747815031,19.83226063887169,18.888899607665508
2021-02-27 09:00:00,22.355286796429564,22.9448742383861,21.83253234866831
2021-02-27 10:00:00,17.64940487609514,18.49619432173849,17.648132999836946
2021-02-27 11:00:00,16.53451559843095,17.298181161047125,15.888240316424191
2021-02-27 12:00:00,27.075675657772397,27.635909510049498,25.347823455971803
2021-02-27 13:00:00,26.96119405474972,27.304831659556424,24.697976339654293
2021-02-27 14:00:00,25.420463158093494,25.45675038939265,24.96032048428443
2021-02-27 15:00:00,30.62698942984949,30.63464788762792,31.244057220600677
2021-02-27 16:00:00,37.63106095123017,37.397908149841896,40.80314879680591
2021-02-27 17:00:00,44.53369079043401,44.1108921017178,43.64725548121064
2021-02-27 18:00:00,44.40727939613591,44.25169718223373,41.23818259397983
2021-02-27 19:00:00,40.255502559252605,40.113929980367,42.54722459907193
2021-02-27 20:00:00,32.89238377450363,32.82658249091777,36.58279050913404
2021-02-27 21:00:00,21.90329266327073,22.065903076006844,17.767584236804193
2021-02-27 22:00:00,16.595685631646543,16.8921286023907,18.624459869655876
2021-02-27 23:00:00,17.54717351945461,17.76795079727482,17.415519384295468
2021-02-28 00:00:00,13.980075552943616,13.975160899022622,10.986476236110397
2021-02-28 01:00:00,17.30037774910827,17.264918139151284,16.709887919896598
2021-02-28 02:00:00,14.536295050595864,14.572340251718876,12.10313152843757
2021-02-28 03:00:00,22.2293433195489,22.35548793493659,19.92402130706731
2021-02-28 04:00:00,26.158041521765824,26.311228283520403,26.06338009337999
2021-02-28 05:00:00,25.31748898325368,25.04736770288708,24.2096391608924
2021-02-28 06:00:00,20.391187001626264,20.124132469770625,18.41388288324401
2021-02-28 07:00:00,19.88255341026173,19.86670016028012,20.44961873750685
2021-02-28 08:00:00,21.95218789448982,22.37730798206937,21.028597763938084
2021-02-28 09:00:00,17.936976143357676,18.43997220431637,17.810121482822403
2021-02-28 10:00:00,24.463346310371268,24.99948718868223,25.303972300056564
2021-02-28 11:00:00,27.641560674969547,27.992379363706725,26.27731557065893
2021-02-28 12:00:00,31.26874707421196,31.44762324123042,31.293669803286523
2021-02-28 13:00:00,25.970821991069275,26.007913157628675,25.81279142072604
2021-02-28 14:00:00,19.238167097414436,19.15826078698446,17.754630606071853
2021-02-28 15:00:00,14.959665729909348,15.143681849023444,13.116649863932324
2021-02-28 16:00:00,9.857772902780074,10.08688366220422,9.260615140825497
2021-02-28 17:00:00,10.711660826168233,10.836307823249404,10.69235140669937
2021-02-28 18:00:00,6.233982616879208,6.383687283780693,5.738013411693694
2021-02-28 19:00:00,2.082205779995904,2.245920081913953,4.98476603043972
2021-02-28 20:00:00,11.184798675626409,11.264995528854346,9.725884148523797
2021-02-28 21:00:00,11.461281496545046,11.660240590777171,8.094636792158294
2021-02-28 22:00:00,6.170368733028785,6.52833234360821,6.495304477258895
2021-02-28 23:00:00,1.98014881098664,2.400187871501622,2.630108028936268
2021-03-01 00:00:00,4.520222698669052,4.717489556645278,3.5623359167386144
2021-03-01 01:00:00,7.832177760779746,7.9863136835503505,9.376502695106934
2021-03-01 02:00:00,7.655643235300366,7.837585356060481,9.153677689290255
2021-03-01 03:00:00,18.78484384487417,18.9776439304956,24.66161919470916
2021-03-01 04:00:00,17.47166862859335,17.678220253405595,13.779749702692902
2021-03-01 05:00:00,17.56312490679624,17.500749259208963,17.368085345859722
2021-03-01 06:00:00,14.36741979656015,14.287369141536594,15.77756464356303
2021-03-01 07:00:00,13.850439071141652,14.009003718822498,12.400982909826151
2021-03-01 08:00:00,14.988131430067035,15.369224831249149,12.870252454697768
2021-03-01 09:00:00,16.114694180197414,16.371858597560937,12.823027842989632
2021-03-01 10:00:00,15.735437821165949,16.069822223671714,12.701422988829725
2021-03-01 11:00:00,18.88019695813606,19.04297906872776,16.76973182195496
2021-03-01 12:00:00,37.150613000360735,36.92852364466339,37.08929732934676
2021-03-01 13:00:00,38.78328915401268,38.47716138191342,37.4320206017258
2021-03-01 14:00:00,43.324622017975656,42.740369478400645,42.14811093540598
2021-03-01 15:00:00,32.989031600600924,32.74129763638531,34.17590215562824
2021-03-01 16:00:00,28.73580963247171,28.433563657915027,26.33682782336148
2021-03-01 17:00:00,25.26320537738156,24.908350030349997,24.230076676016346
2021-03-01 18:00:00,17.399390940383213,17.288414401931348,18.319313524985745
2021-03-01 19:00:00,21.043647158814835,20.865928332786595,19.438980184125374
2021-03-01 20:00:00,19.787700228259265,19.68867242673324,15.459566561444086
2021-03-01 21:00:00,14.88073956905789,14.97528525554739,11.169117127182428
2021-03-01 22:00:00,5.271681761117277,5.589672332991798,4.740894694409787
2021-03-01 23:00:00,4.5510027159117445,4.902171204996979,5.171463336403318
2021-03-02 00:00:00,6.184042497628688,6.259879766300632,5.244394146238719
2021-03-02 01:00:00,16.37664937503488,16.2634587888641,16.215023193091007
2021-03-02 02:00:00,17.947405989054747,17.8664518032655,17.52612113773916
2021-03-02 03:00:00,21.31396207952947,21.374961697873,26.252078631118017
2021-03-02 04:00:00,16.62306446100561,16.865158922130735,13.381281297383245
2021-03-02 05:00:00,15.799272882013714,15.579167445018678,11.713889023263636
2021-03-02 06:00:00,12.578526369615735,12.302987987675532,12.266338728803294
2021-03-02 07:00:00,10.322601638751951,10.29383433629376,10.192816465152209
2021-03-02 08:00:00,11.585300934249794,12.16004351585203,10.480478679089464
2021-03-02 09:00:00,16.264742518931758,16.940646004363337,13.236251096490577
2021-03-02 10:00:00,15.87707233443401,16.681673640176438,12.962466448523106
2021-03-02 11:00:00,32.88336740205497,33.31154051230645,32.23466691720389
2021-03-02 12:00:00,34.7465017022779,35.037193944417616,34.78817961298107
2021-03-02 13:00:00,35.53898751380838,35.72970634069046,33.720480767427574
2021-03-02 14:00:00,39.22336907612966,39.15891999267923,42.24426842263929
2021-03-02 15:00:00,35.776910990929025,35.78754191369405,38.05706690459633
2021-03-02 16:00:00,30.683498680678348,30.62368259424659,30.2274320452969
2021-03-02 17:00:00,36.69578868202464,36.41893964872968,38.09943564713228
2021-03-02 18:00:00,33.973615363464184,33.866967810227656,34.730328845425504
2021-03-02 19:00:00,30.687136962276544,30.58412816608296,31.151940288431728
2021-03-02 20:00:00,29.38945436145117,29.30220669391164,32.28589903068632
2021-03-02 21:00:00,29.67428431642377,29.718384869058056,31.95481896826385
2021-03-02 22:00:00,31.264023368203,31.32123151754749,36.59402959283006
2021-03-02 23:00:00,32.2739411943888,32.34358550499676,34.32928326421068
2021-03-03 00:00:00,33.008294004194234,32.762634055684,32.804072618553526
2021-03-03 01:00:00,32.88409672568416,32.67454729137167,32.84028722649348
2021-03-03 02:00:00,33.54781923373856,33.31794718193307,32.841217717795125
2021-03-03 03:00:00,37.74628522369311,37.59765218136824,32.6729298148048
2021-03-03 04:00:00,33.812173298163415,33.67064649144133,32.311661704903926
2021-03-03 05:00:00,33.91191001900795,33.57810573339421,33.38471013141815
2021-03-03 06:00:00,29.884295009292035,29.59353051089416,30.773890327504247
2021-03-03 07:00:00,24.192217937807484,24.227465968294982,25.842361530526546
2021-03-03 08:00:00,18.44077796455877,18.95999331769148,18.021684782071954
2021-03-03 09:00:00,21.37306179256612,21.860880218459688,20.12632840225386
2021-03-03 10:00:00,24.471693444425227,25.020420301905823,25.01862591043605
2021-03-03 11:00:00,22.516480441814934,23.09427604608911,20.066249939427056
2021-03-03 12:00:00,24.39630901014579,24.86179570464745,22.199467280686413
2021-03-03 13:00:00,29.498592732046657,29.78707966308333,28.776255998457493
2021-03-03 14:00:00,30.562037585119064,30.58871130223519,31.375239995672747
2021-03-03 15:00:00,25.40995733927668,25.634274570402624,26.688388611320025
2021-03-03 16:00:00,18.57753433216839,18.803624145213394,18.861967295414257
2021-03-03 17:00:00,22.02731756264354,22.117830979424717,21.30634975638592
2021-03-03 18:00:00,20.137187526387542,20.209059999898543,18.64883653536197
2021-03-03 19:00:00,16.84236199114594,16.905287242530257,16.241692706041295
2021-03-03 20:00:00,12.957131217287538,13.079516210416392,15.385253334433626
2021-03-03 21:00:00,11.47797576465297,11.702106817224356,8.158596136873653
2021-03-03 22:00:00,16.604032765700502,16.91306171561429,18.624459869655876
2021-03-03 23:00:00,19.352894597331584,19.66620393173124,20.026552583023552
2021-03-04 00:00:00,22.69148984827797,22.67096826880821,19.889961401147698
2021-03-04 01:00:00,25.138146474693,25.084864837991237,21.55688661151541
2021-03-04 02:00:00,21.50041820643097,21.51642627961319,19.288378583919044
2021-03-04 03:00:00,21.397433420069085,21.584292830108915,28.25063652689728
2021-03-04 04:00:00,17.513404298863158,17.782885819523553,14.6574482190949
2021-03-04 05:00:00,18.445250993424462,18.26954879752636,17.267966636167788
2021-03-04 06:00:00,9.200803967372696,9.092608889023277,10.235429238270704
2021-03-04 07:00:00,3.4920326277802225,3.6846781199769154,4.515061263407366
2021-03-04 08:00:00,5.528345267204793,6.04755636594589,6.2520295877959455
2021-03-04 09:00:00,11.048177268245176,11.492292826656636,10.573966842685978
2021-03-04 10:00:00,26.269267462485203,26.7057489543609,25.65266346052072
2021-03-04 11:00:00,25.129336782659127,25.444936453998764,21.866730609057733
2021-03-04 12:00:00,27.799339580199995,27.878985651266824,26.95289410353748
2021-03-04 13:00:00,25.979169125123235,26.028846270852267,25.55275367308083
2021-03-04 14:00:00,22.73281606782525,22.59770634784109,22.967689587153007
2021-03-04 15:00:00,28.82126835197252,28.736394753171503,29.149593376843253
2021-03-04 16:00:00,30.62513543371294,30.41315367875553,30.542461983737606
2021-03-04 17:00:00,35.78047413341753,35.374416288740164,37.78945637157727
2021-03-04 18:00:00,36.49438646406553,36.24335246438146,37.48620330765717
2021-03-04 19:00:00,35.82884477212676,35.58809483307368,40.34736236997108
2021-03-04 20:00:00,40.65502829360271,40.4581311707454,41.21129060985458
2021-03-04 21:00:00,39.200914243130015,39.14352111722413,37.850190651527925
2021-03-04 22:00:00,34.80034131747131,34.92933976744799,41.372228820611966
2021-03-04 23:00:00,34.07131513821181,34.22090552622958,37.18326865185009
2021-03-05 00:00:00,33.10845961284177,33.013831414367104,33.07941094842586
2021-03-05 01:00:00,32.95922093216981,32.86294531038399,32.99596478611327
2021-03-05 02:00:00,34.48824187591987,34.36127275866745,34.64486772697794
2021-03-05 03:00:00,39.55200630157008,39.49590531582466,33.28514691485289
2021-03-05 04:00:00,35.64293577820227,35.63169896556852,33.42738172330487
2021-03-05 05:00:00,35.75095294168844,35.62408844367091,34.42227206731042
2021-03-05 06:00:00,31.698296529810648,31.576713881500083,33.362237420091546
2021-03-05 07:00:00,23.393629883131187,23.60400043928759,24.349683518864804
2021-03-05 08:00:00,21.0700618078616,21.60850844375198,21.286535612687125
2021-03-05 09:00:00,23.968957099653107,24.42566289162582,22.70072787308001
2021-03-05 10:00:00,27.084216328207816,27.691066324445053,27.612798755436422
2021-03-05 11:00:00,24.24701062179394,24.86812828445911,21.946487433514992
2021-03-05 12:00:00,20.89331290568101,21.40141703056723,17.843126020969617
2021-03-05 13:00:00,31.204081509863773,31.49813256178256,29.432736195955567
2021-03-05 14:00:00,37.44262270900224,37.38746332081951,38.31248643196959
2021-03-05 15:00:00,40.95187395417044,41.00323527943096,39.83758775761349
2021-03-05 16:00:00,47.07395277174753,46.86970175747572,44.9327226436231
2021-03-05 17:00:00,48.77644486272344,48.43218724979576,45.177315516541576
2021-03-05 18:00:00,33.89849115697854,33.67856979121533,35.016657846589545
2021-03-05 19:00:00,22.824326834529927,22.70138212757224,23.343199432425617
2021-03-05 20:00:00,29.347718691181367,29.19754112779368,31.96331441872647
2021-03-05 21:00:00,34.824339260327946,34.74328464927236,35.99988069305241
2021-03-05 22:00:00,31.24732910009508,31.279365291100305,36.46997472368171
2021-03-05 23:00:00,21.016714396291217,21.208594141386595,20.87809435460433
2021-03-06 00:00:00,8.846714877147367,8.992127345255497,11.009165270366868
2021-03-06 01:00:00,6.118275157496343,6.318324794553447,6.925421829401922
2021-03-06 02:00:00,5.051400794159417,5.251869569670757,5.421184882323054
2021-03-06 03:00:00,17.070941241590766,17.309655041498694,17.96367302651101
2021-03-06 04:00:00,27.880291259103192,28.0001502857409,27.2135819195152
2021-03-06 05:00:00,27.946772826556515,27.69588282894757,27.57819822081848
2021-03-06 06:00:00,23.012123710875137,22.75171448260753,23.498051585488188
2021-03-06 07:00:00,19.87420627620777,19.84576704705653,20.42542120664265
2021-03-06 08:00:00,16.77715823983609,17.225611739258376,17.324155563888873
2021-03-06 09:00:00,17.97891188786444,18.352646401656585,17.885643493339217
2021-03-06 10:00:00,16.759331803886873,17.322478932642007,17.364903433177155
2021-03-06 11:00:00,16.501393827864383,16.958460216449097,15.098642954783308
2021-03-06 12:00:00,19.238173697836935,19.55997431950589,17.181724924616894
2021-03-06 13:00:00,28.70033813443196,28.84362851944636,27.88027143941448
2021-03-06 14:00:00,27.16788768041738,27.080477485432084,27.669064136313057
2021-03-06 15:00:00,27.190903780641044,27.2137398734846,27.98116773764667
2021-03-06 16:00:00,22.937681812511823,22.90600589501432,24.251260813763345
2021-03-06 17:00:00,20.30533459095545,20.172920485500555,18.710411375074237
2021-03-06 18:00:00,16.73442372198262,16.935881561575506,17.71875956853409
2021-03-06 19:00:00,14.31324375649064,14.507969475152857,16.533002860619305
2021-03-06 20:00:00,26.86868326084983,26.925822039757836,30.4941207824014
2021-03-06 21:00:00,24.53257650657356,24.714418202067343,20.47304666672014
2021-03-06 22:00:00,25.298752792926937,25.567002858952687,26.787642349521526
2021-03-06 23:00:00,24.56137947961348,24.837635504510686,25.109875532927635
2021-03-07 00:00:00,24.463822389939104,24.48548895037025,22.904196872830777
2021-03-07 01:00:00,23.44928527357148,23.479675288665103,22.217814123604413
2021-03-07 02:00:00,18.937911435559823,19.035376059341424,17.65574676524864
2021-03-07 03:00:00,20.54882925248134,20.77123149883405,23.6119605752896
2021-03-07 04:00:00,15.782807427471832,16.073030704079464,13.099782917085513
2021-03-07 05:00:00,15.050500866011909,15.337289087056494,12.095825712452074
2021-03-07 06:00:00,10.124198884384487,10.414053853940038,10.936200680545344
2021-03-07 07:00:00,12.219807734160902,12.742337330839256,11.550793934675642
2021-03-07 08:00:00,22.9091047305421,23.65449115402868,21.889169577764942
2021-03-07 09:00:00,20.64125081032152,21.404879595241024,19.27399700296091
2021-03-07 10:00:00,15.927088447345458,16.871269442443904,13.290853113449172
2021-03-07 11:00:00,15.652456203215044,16.46538449980381,15.640273502802708
2021-03-07 12:00:00,13.197445459013624,13.937333256528342,10.297523301009656
2021-03-07 13:00:00,13.981584136490136,14.608912539577595,11.187877043382237
2021-03-07 14:00:00,17.657618564757456,18.01719307834277,17.41619669357668
2021-03-07 15:00:00,12.480496916753175,12.999957006839429,11.478488148498291
2021-03-07 16:00:00,16.863631728884986,17.13563525621649,17.746934071505784
2021-03-07 17:00:00,22.05235896480542,22.18063031909549,21.25765642829621
2021-03-07 18:00:00,20.187270330711307,20.334658679240093,18.658580848247084
2021-03-07 19:00:00,7.374162002817415,7.62668278692932,9.163955241546503
2021-03-07 20:00:00,17.35040046819754,17.521618904815348,14.989380782669832
2021-03-07 21:00:00,7.226607792660307,7.615867047626461,8.852977483023649
2021-03-07 22:00:00,3.66629190053537,4.193813915901588,5.8774772122921
2021-03-07 23:00:00,6.331682391626837,6.737624999782618,10.21762887379814
2021-03-08 00:00:00,9.703666178789067,9.826121789753952,9.454083110634922
2021-03-08 01:00:00,11.276677235454477,11.364157687991344,10.322880189692585
2021-03-08 02:00:00,10.234844274279432,10.36050180277943,9.302232513653635
2021-03-08 03:00:00,20.498746448157576,20.645632819492505,22.87676081620096
2021-03-08 04:00:00,20.06756393568034,20.243002926571727,17.842671489999518
2021-03-08 05:00:00,17.59638006018745,17.71247595795516,17.391567126970187
2021-03-08 06:00:00,16.139618955396642,16.229884068950472,16.771127677302268
2021-03-08 07:00:00,18.235227805173054,18.55816754584969,17.763941153751258
2021-03-08 08:00:00,11.61020895358704,12.350837101374635,11.028169591006954
2021-03-08 09:00:00,16.231353982715913,16.85691355146897,12.99192908437494
2021-03-08 10:00:00,15.868725200380048,16.660740526952846,12.925224426626997
2021-03-08 11:00:00,15.594092956249634,16.254855584312757,15.80774547683407
2021-03-08 12:00:00,21.808760837112768,22.31794614470491,18.978889789847685
2021-03-08 13:00:00,21.735948212947573,22.15553098325571,19.0227561908762
2021-03-08 14:00:00,16.767345418312225,17.035469058024034,17.206962499129965
2021-03-08 15:00:00,14.211160479556824,14.6458149993576,12.044250133016254
2021-03-08 16:00:00,14.267803113210318,14.506855460124443,12.600692504482865
2021-03-08 17:00:00,28.949771739621163,28.89325431827515,27.507293248415312
2021-03-08 18:00:00,29.655470319039832,29.613263134841027,29.84383186974801
2021-03-08 19:00:00,15.120112253808571,15.216365240309758,15.635881023245188
2021-03-08 20:00:00,6.043090865776197,6.261028861863632,9.02984471468416
2021-03-08 21:00:00,4.555588279087667,4.862686355448002,7.025904834560999
2021-03-08 22:00:00,1.877265090766316,2.337427007892357,4.518256888378124
2021-03-08 23:00:00,4.6344740564513565,5.1115023372328965,6.459510176062355
2021-03-09 00:00:00,3.671618531081311,3.9044282253704177,3.693982218397812
2021-03-09 01:00:00,10.453114470028618,10.613895696387258,9.564482600865908
2021-03-09 02:00:00,18.03922446364832,18.09671604872501,17.555800782329587
2021-03-09 03:00:00,23.97663445904815,24.107209276827867,19.98239965347484
2021-03-09 04:00:00,40.8430735264302,40.78219742512438,41.34129606246739
2021-03-09 05:00:00,40.0609509262958,39.6648686370562,41.12510340835824
2021-03-09 06:00:00,39.452793989092726,38.995338079326366,40.50090871903876
2021-03-09 07:00:00,35.491313788999506,35.33912865217128,37.44646794511958
2021-03-09 08:00:00,29.714899105001223,29.944859538971084,30.88834329000432
2021-03-09 09:00:00,30.89982510209701,31.158022220773933,30.89086171642361
2021-03-09 10:00:00,24.48010726989151,24.9773562922035,24.795637659979437
2021-03-09 11:00:00,25.02903779118695,25.32173334116749,22.530533346107998
2021-03-09 12:00:00,24.32125149507246,24.609400562709208,22.60480726138638
2021-03-09 13:00:00,28.54154251316974,28.63789073697586,28.104220797407574
2021-03-09 14:00:00,28.78135790940397,28.75325750744955,29.67668853805427
2021-03-09 15:00:00,24.519617501419127,24.716547673009803,26.00701454030582
2021-03-09 16:00:00,23.744283544180483,23.870390151874883,25.844321159671157
2021-03-09 17:00:00,17.67578398200334,17.780393851143717,18.136657646493525
2021-03-09 18:00:00,17.51625081713867,17.581477987061632,18.53152355022469
2021-03-09 19:00:00,16.817320588984053,16.84248790285948,15.7166325585255
2021-03-09 20:00:00,16.401630691962268,16.457360214857385,14.080464353365867
2021-03-09 21:00:00,4.538894010979744,4.820820129000818,7.006612487385334
2021-03-09 22:00:00,0.1132796831591456,0.5438394395539017,1.4428082521156451
2021-03-09 23:00:00,2.8371001126283413,3.2341823160000738,2.7994665067310045
2021-03-10 00:00:00,13.139818519409836,13.183032680971351,10.556965426606252
2021-03-10 01:00:00,15.61151654798675,15.659728589825155,16.203745823879295
2021-03-10 02:00:00,12.847433849474342,12.967150702392743,12.689445267510909
2021-03-10 03:00:00,17.037552705374924,17.225922588604327,18.17628551690128
2021-03-10 04:00:00,13.993780617702775,14.216643796070237,12.746055761985636
2021-03-10 05:00:00,13.203244192102083,13.142379017704377,10.530788129053365
2021-03-10 06:00:00,10.032580484027871,9.991798239702783,11.098796374528328
2021-03-10 07:00:00,4.282073474165595,4.479201904538464,5.050249468530881
2021-03-10 08:00:00,3.755879342719023,4.361029930235674,4.24871893886518
2021-03-10 09:00:00,7.503378802098273,7.991245709384375,5.522517794858418
2021-03-10 10:00:00,8.854652623045812,9.463061573865156,9.691665409024706
2021-03-10 11:00:00,7.706374809165775,8.181315960279427,5.85441133864944
2021-03-10 12:00:00,6.981960936355681,7.363119832448044,5.056542408253181
2021-03-10 13:00:00,7.807835284101997,8.139364681615255,5.72657263286525
2021-03-10 14:00:00,5.501771486160688,5.879544581190279,6.364689978352951
2021-03-10 15:00:00,4.676116727384291,5.263742760893847,6.326035846560247
2021-03-10 16:00:00,10.814823121656987,11.23607258831169,10.091224850183664
2021-03-10 17:00:00,24.639840446426128,24.788477001963944,23.693736764451124
2021-03-10 18:00:00,28.77347761523625,28.7164693506718,28.655075550977887
2021-03-10 19:00:00,32.40103956555994,32.252117055079864,34.172416890066245
2021-03-10 20:00:00,37.185487416766094,37.01748782663363,40.92680670161843
2021-03-10 21:00:00,18.40036325021827,18.541527279000707,18.359779012267783
2021-03-10 22:00:00,0.1299739512670679,0.5857056660010853,1.4242474897617794
2021-03-10 23:00:00,1.9884959450406008,2.421120984725213,2.40786439462502
2021-03-11 00:00:00,3.621535726757544,3.778829546028867,3.484672544735982
2021-03-11 01:00:00,8.672434794313524,8.778441901601619,9.370335918693105
2021-03-11 02:00:00,11.940399743508875,12.007557578552744,11.940498636226677
2021-03-11 03:00:00,14.416615996126051,14.59834057576742,16.99032199221742
2021-03-11 04:00:00,20.050869667572417,20.201136700124543,18.111330985961644
2021-03-11 05:00:00,21.89783083650388,21.92431440689461,19.961244939245805
2021-03-11 06:00:00,13.518682246147767,13.602302056113563,15.79339730264604
2021-03-11 07:00:00,8.641820806035113,8.965566391894882,9.35558754509789
2021-03-11 08:00:00,15.819841255309894,16.332411304854567,16.76173243324497
2021-03-11 09:00:00,17.82839670924386,18.231838855335592,18.02422334390964
2021-03-11 10:00:00,8.746006497519677,9.318925347810293,9.618750670079647
2021-03-11 11:00:00,9.319978420977003,9.72610173644506,7.430254635958967
2021-03-11 12:00:00,11.241609350989986,11.534289838195445,9.113134514824358
2021-03-11 13:00:00,11.160516284183151,11.286944440596736,9.18460225546438
2021-03-11 14:00:00,13.08091243889726,12.92257052424705,11.762735045985355
2021-03-11 15:00:00,14.851219678620172,14.807554254190835,12.829825220944404
2021-03-11 16:00:00,13.218934419739828,13.127402288557464,11.872773065896888
2021-03-11 17:00:00,15.820113482627235,15.62854779149392,13.39442942986548
2021-03-11 18:00:00,16.567481040903395,16.517219297103672,17.391993924526776
2021-03-11 19:00:00,10.701801600736689,10.711463206240026,8.953888028475376
2021-03-11 20:00:00,13.74730544649755,13.74604574912611,16.021803563541944
2021-03-11 21:00:00,3.640207039068237,3.882160118384407,5.647352964146316
2021-03-11 22:00:00,1.8271822864425489,2.2118283285508062,4.342512891808634
2021-03-11 23:00:00,1.963454542878717,2.358321645054438,2.640580519408758
2021-03-12 00:00:00,7.066035201432273,7.15667355046986,5.723611313888244
2021-03-12 01:00:00,8.680781928367486,8.79937501482521,9.370335918693105
2021-03-12 02:00:00,6.76530339744282,6.919858458667662,5.764787579010289
2021-03-12 03:00:00,10.997157923613209,11.283295910997204,11.506998036045168
2021-03-12 04:00:00,20.075911069734303,20.26393603979532,17.819652701570135
2021-03-12 05:00:00,21.872989508578957,21.669523698446085,19.90172541640589
2021-03-12 06:00:00,19.567624236200405,19.37387047816653,17.426282010440808
2021-03-12 07:00:00,16.446401069640963,16.509789269062715,16.42237237719999
2021-03-12 08:00:00,18.424283770687804,18.726135722466548,17.976437050473436
2021-03-12 09:00:00,20.47464158630389,20.666231716139613,18.69984628944876
2021-03-12 10:00:00,20.086971401806142,20.407259351952717,18.70566738381946
2021-03-12 11:00:00,24.122070376633804,24.29814309440157,21.734304661324536
2021-03-12 12:00:00,27.782511929267432,27.96511367067147,26.79551643357424
2021-03-12 13:00:00,30.3305693229388,30.494277644985093,29.111952519697883
2021-03-12 14:00:00,31.419055578173086,31.35870862380773,32.34897709728288
2021-03-12 15:00:00,31.450418812450717,31.512904125083832,32.663511912439176
2021-03-12 16:00:00,29.801439285462443,29.79088593300328,29.745861800713364
2021-03-12 17:00:00,40.15691573339497,39.902647002543766,41.719198097554845
2021-03-12 18:00:00,43.42512108368479,43.10370603938141,41.15131385982533
2021-03-12 19:00:00,39.273344246801486,38.96593883751467,40.266204472530674
2021-03-12 20:00:00,37.99235591408403,37.72588359179053,41.07981987065418
2021-03-12 21:00:00,28.708820272080576,28.612259952652916,31.17648052016025
2021-03-12 22:00:00,20.81366506742336,20.894635919094224,18.625792716771084
2021-03-12 23:00:00,26.998679239675205,27.004689026428576,26.769945225511936
2021-03-13 00:00:00,30.36231589278348,30.07225270317632,29.95974720589568
2021-03-13 01:00:00,21.55174572110093,21.35115790874918,19.393542121331297
2021-03-13 02:00:00,16.99863621281947,16.80219311330754,16.519488198912395
2021-03-13 03:00:00,11.670472276067764,11.656761864576636,14.974208213473425
2021-03-13 04:00:00,18.136635846993947,18.030753093761437,17.850698344986856
2021-03-13 05:00:00,19.991944149979368,19.77486391375509,18.121235023691654
2021-03-13 06:00:00,15.947634872155534,15.74842246480786,16.877146746595518
2021-03-13 07:00:00,12.843105973704011,12.926207482151224,11.076688431442191
2021-03-13 08:00:00,22.642063132227666,22.920634407947823,22.439138241005917
2021-03-13 09:00:00,34.22733131719164,34.37079688593647,31.980338727497823
2021-03-13 10:00:00,30.378467389911243,30.692114290861397,29.93449827070119
2021-03-13 11:00:00,30.96078644742253,31.120223792719752,31.42379852766766
2021-03-13 12:00:00,44.09784181385096,44.02273481488826,40.80851266772136
2021-03-13 13:00:00,47.48622293246842,47.28002988432724,43.82553393775724
2021-03-13 14:00:00,26.925554027203223,26.729405693651582,26.23383365673801
2021-03-13 15:00:00,22.6387722170565,22.629896519541063,21.84043699504481
2021-03-13 16:00:00,27.063642699458114,26.87024033503608,25.82960239638463
2021-03-13 17:00:00,20.97844886917305,20.73837780785773,19.744929263339355
2021-03-13 18:00:00,26.89263233087362,26.62981819720305,26.51523907001396
2021-03-13 19:00:00,14.071176868925766,13.900909191668694,15.381515337827643
2021-03-13 20:00:00,12.798535670262272,12.681787059168148,13.468057022704524
2021-03-13 21:00:00,15.64587239610602,15.579015454586331,14.10620627236942
2021-03-13 22:00:00,17.277347118155063,17.286527669193724,18.64175562363654
2021-03-13 23:00:00,14.81772406750424,14.868238312531222,14.637781407532165
2021-03-14 00:00:00,22.507852899090825,22.210439777889185,18.83846648682413
2021-03-14 01:00:00,26.693453530951142,26.35512457573989,25.76866679922626
2021-03-14 02:00:00,24.78632213408044,24.49654113280593,20.439607651160568
2021-03-14 03:00:00,27.279232654805536,27.1291903564678,23.87701407087191
2021-03-14 04:00:00,20.7826139584047,20.72113444626912,17.851934677193544
2021-03-14 05:00:00,17.429504070520544,17.22981657055741,16.751859256298463
2021-03-14 06:00:00,11.646250787251423,11.4725868929425,11.81331034819679
2021-03-14 07:00:00,11.137617195886886,11.215154583451996,11.746432150979986
2021-03-14 08:00:00,11.451613406561776,11.953107950126393,10.934020487244844
2021-03-14 09:00:00,17.795008173028016,18.148106402441226,17.687889895342003
2021-03-14 10:00:00,13.929449977639694,14.427557580918965,11.420545186255769
2021-03-14 11:00:00,22.33284349262779,22.63374755517009,20.09340462196834
2021-03-14 12:00:00,21.6084296198177,21.815551427338704,18.889961670881707
2021-03-14 13:00:00,21.535616995652504,21.653136265889504,18.993405686750105
2021-03-14 14:00:00,24.32131158606228,24.14368990726186,22.21291662763653
2021-03-14 15:00:00,26.09996595983915,26.04960675042924,26.863960900000173
2021-03-14 16:00:00,21.85509112576389,21.762805885182548,22.088638624123643
2021-03-14 17:00:00,14.039300424087504,13.92108824256011,11.747612870726256
2021-03-14 18:00:00,19.936856309092477,19.706665282532335,17.96832603525616
2021-03-14 19:00:00,24.44641096321976,24.139106771109628,24.05530051352256
2021-03-14 20:00:00,28.357213244676284,28.028616871717755,29.8539927709014
2021-03-14 21:00:00,34.690785115464564,34.408354837694894,34.71124409299617
2021-03-14 22:00:00,26.79562991080735,26.690730804136205,26.918060228527995
2021-03-14 23:00:00,23.47905555851483,23.438447002975256,21.311746209832943
2021-03-15 00:00:00,23.381498468840448,23.08630044883482,21.02262959489563
2021-03-15 01:00:00,24.9878980617217,24.708068799966583,21.43525611936236
2021-03-15 02:00:00,23.954412234600618,23.72534602797826,20.54610741974269
2021-03-15 03:00:00,28.186266760771,28.0887834803078,23.7571939062682
2021-03-15 04:00:00,22.613376438443563,22.682186920396312,21.167224636113904
2021-03-15 05:00:00,22.788103982949103,22.90603842721334,21.40274123884224
2021-03-15 06:00:00,16.097816593714516,16.18921562575843,16.628041045198902
2021-03-15 07:00:00,12.027823650919794,12.260875726696646,11.204040308615085
2021-03-15 08:00:00,16.609948793107588,17.062937966490203,17.25165359968594
2021-03-15 09:00:00,28.11174563753196,28.30376931224293,28.5959047609436
2021-03-15 10:00:00,26.858777017338543,27.18986939033399,28.114838906741653
2021-03-15 11:00:00,23.08962918562196,23.21654464098544,22.406348876529425
2021-03-15 12:00:00,23.23886088256149,23.274209184099693,22.749982975866377
2021-03-15 13:00:00,20.553592066026027,20.377150877185347,18.381886220870552
2021-03-15 14:00:00,19.05453014822729,18.69773229606544,17.54913417437063
2021-03-15 15:00:00,19.085960073917235,18.78793067441563,18.059733157446058
2021-03-15 16:00:00,22.67050683137275,22.300143394785295,22.688924443090563
2021-03-15 17:00:00,28.716185368934887,28.17913290216275,26.520485491413478
2021-03-15 18:00:00,29.48852763796061,29.19460087036919,28.54292624884322
2021-03-15 19:00:00,14.95316957272935,14.797702975837922,15.08253359212194
2021-03-15 20:00:00,10.22768176533717,10.179803725672793,8.748061243743146
2021-03-15 21:00:00,6.1776724077774965,6.300410998985396,7.92062312030565
2021-03-15 22:00:00,0.9118010464231188,1.231302091487211,1.786108875015935
2021-03-15 23:00:00,1.9300660066628723,2.2745891921600707,2.608424605297618
2021-03-16 00:00:00,10.50218754205304,10.51358444168726,9.461994549463702
2021-03-16 01:00:00,17.29203061505431,17.243985025927692,16.709887919896598
2021-03-16 02:00:00,18.837745826912293,18.78417870065832,17.540825600844375
2021-03-16 03:00:00,28.244696699148733,28.235315272872946,23.376671467427787
2021-03-16 04:00:00,29.544111058062825,29.542540495396253,29.70864667532853
2021-03-16 05:00:00,31.382791784352644,31.18078796601681,31.10097095013444
2021-03-16 06:00:00,27.32178823842089,27.1124802906224,29.316408511094146
2021-03-16 07:00:00,20.697635658808984,20.72402328451244,21.14294095846015
2021-03-16 08:00:00,14.896179572648824,15.266954831641469,13.322181854414277
2021-03-16 09:00:00,14.250409781118073,14.455067916391211,14.231163159456084
2021-03-16 10:00:00,14.702996630154102,14.988223770255583,14.606676487373624
2021-03-16 11:00:00,16.133919855253133,16.229394603388805,14.47624410342783
2021-03-16 12:00:00,17.115061451672478,17.05825425133073,14.781847156977436
2021-03-16 13:00:00,16.185297525865586,16.061844645383083,15.91654877134987
2021-03-16 14:00:00,19.877959530828505,19.57598853352136,19.22885002454989
2021-03-16 15:00:00,17.31342745801914,17.16540136163133,18.810918640197148
2021-03-16 16:00:00,20.872932813312776,20.61481474233022,21.878552096800227
2021-03-16 17:00:00,33.840998836440214,33.33322471148402,33.9431025607144
2021-03-16 18:00:00,28.523063593617408,28.088475953964043,27.22033788010281
2021-03-16 19:00:00,7.997393550948203,7.874550061167201,6.969668266960162
2021-03-16 20:00:00,2.423301575968284,2.443589479727211,5.508952261697039
2021-03-16 21:00:00,0.9942289276574816,1.1917787658767236,4.0175770141262745
2021-03-16 22:00:00,0.0631968788353782,0.4182407602123508,1.53258962656155
2021-03-16 23:00:00,1.9467602747707948,2.316455418607254,2.7549168001268107
2021-03-17 00:00:00,5.318744061933025,5.404952208578588,5.112169689410362
2021-03-17 01:00:00,6.908449386706354,6.984854333263164,6.363083135729629
2021-03-17 02:00:00,8.45416459856434,8.52504800799379,9.106207001787752
2021-03-17 03:00:00,13.534623292322468,13.701546791598194,16.45153158733102
2021-03-17 04:00:00,28.6704654883132,28.66667982445062,29.75455248710577
2021-03-17 05:00:00,29.62722020221176,29.344136387976032,28.69763278635609
2021-03-17 06:00:00,26.43151509197566,26.13075627030366,27.698596425847818
2021-03-17 07:00:00,19.857445316687524,19.867897943535255,20.371846838623835
2021-03-17 08:00:00,20.129772548504924,20.43718862116578,19.691346426453723
2021-03-17 09:00:00,27.338532442079146,27.42311750827674,27.65923253501802
2021-03-17 10:00:00,31.277354436059717,31.438782932700057,30.15479978569967
2021-03-17 11:00:00,33.60696463307025,33.61861377644969,33.13734421709347
2021-03-17 12:00:00,33.80627913433355,33.8018769989055,34.15360541996537
2021-03-17 13:00:00,36.30432041509347,36.141445170951656,35.54687699215934
2021-03-17 14:00:00,29.63009545981635,29.438324592872583,30.535680114355536
2021-03-17 15:00:00,18.387537627888477,18.41566250409134,17.960026501758726
2021-03-17 16:00:00,15.091432570048491,15.193120328802612,13.271643382747849
2021-03-17 17:00:00,19.381472834057423,19.2994553810652,18.22096706218669
2021-03-17 18:00:00,15.802348213855266,15.913489098064728,17.292495588577577
2021-03-17 19:00:00,15.120112253808571,15.216365240309758,15.635881023245188
2021-03-17 20:00:00,21.64350411046001,21.7125242405312,20.76257015167124
2021-03-17 21:00:00,10.662760133281074,10.972777938843862,10.552547521083865
2021-03-17 22:00:00,5.371847369764812,5.8408696916749,7.234928020541225
2021-03-17 23:00:00,2.0302316153104067,2.5257865508431725,2.4593727441001323
2021-03-18 00:00:00,2.7979729613316877,3.0285675544247823,3.530568815883779
2021-03-18 01:00:00,13.040662643061644,13.1577452563298,10.8315992650566
2021-03-18 02:00:00,6.798691933658665,7.003590911562029,6.145442448890194
2021-03-18 03:00:00,11.01385219172113,11.325162137444387,11.299426019584264
2021-03-18 04:00:00,15.76611315936391,16.03116447763228,12.889406759265974
2021-03-18 05:00:00,20.16750073076183,19.95847079974686,17.78970616405993
2021-03-18 06:00:00,16.089802916722153,15.84829689790526,16.495981477887437
2021-03-18 07:00:00,7.801830538150615,7.917449682139952,10.261028666481216
2021-03-18 08:00:00,10.736763458074371,11.282985061651251,10.117019158877058
2021-03-18 09:00:00,9.317513705441533,9.846434834138464,10.47068255045957
2021-03-18 10:00:00,17.58282787790041,18.13673804717201,17.506535841332713
2021-03-18 11:00:00,26.784809447564804,26.966393550430524,25.69743153247568
2021-03-18 12:00:00,22.582507563864134,22.686620965263785,20.32584880569484
2021-03-18 13:00:00,27.668097017657075,27.57003869725248,26.320061372099676
2021-03-18 14:00:00,24.413396826305128,24.11796566101771,23.522467983108392
2021-03-18 15:00:00,22.730790765887036,22.66816939622283,20.757265932424872
2021-03-18 16:00:00,22.862490914613858,22.78160499892791,22.592017804184785
2021-03-18 17:00:00,21.112136396861068,20.94531337358337,19.791018852758327
2021-03-18 18:00:00,18.398243520942252,18.47827177123086,18.82266507602185
2021-03-18 19:00:00,11.642224242918,11.754788782974396,9.134876011945384
2021-03-18 20:00:00,3.4305012905812866,3.654379962250316,5.320032715087057
2021-03-18 21:00:00,0.2457903687172753,0.6299147932849649,3.4076473624273245
2021-03-18 22:00:00,0.1383210853210292,0.606638779224677,1.4242474897617794
2021-03-18 23:00:00,2.005190213148523,2.462987211172397,2.5183703304070297
2021-03-19 00:00:00,3.646577128919428,3.8416288856996426,3.6307176962042655
2021-03-19 01:00:00,5.25297672180068,5.463397236831402,6.6482950310431015
2021-03-19 02:00:00,6.798691933658665,7.003590911562029,6.145442448890194
2021-03-19 03:00:00,14.47504593450378,14.744872368332562,16.06428097562085
2021-03-19 04:00:00,36.541622750113774,36.57035897618493,34.900760878663604
2021-03-19 05:00:00,41.791614489099445,41.31072662957437,41.42792146594929
2021-03-19 06:00:00,36.86531250747203,36.38749139645792,40.7088590669629
2021-03-19 07:00:00,32.013492469521246,31.81355507191,32.8455783510098
2021-03-19 08:00:00,29.70661866235958,29.859929302821577,30.96502339640813
2021-03-19 09:00:00,33.41238245146903,33.38547951585232,33.026191555041166
2021-03-19 10:00:00,36.50260027786186,36.58808360900078,36.83743151940516
2021-03-19 11:00:00,39.64742610624428,39.49724333113091,38.73082474074968
2021-03-19 12:00:00,44.97175414924986,44.64260699413024,40.63622169249073
2021-03-19 13:00:00,37.09456133571578,36.74397758673546,36.57481660926206
2021-03-19 14:00:00,20.91874785589432,20.67852010016108,21.922268137412296
2021-03-19 15:00:00,24.402957698900632,24.23149271910177,26.154252683617784
2021-03-19 16:00:00,32.263913830510695,31.892744548740108,32.36089455063989
2021-03-19 17:00:00,41.72905044058567,41.08677872088778,41.43608138679621
2021-03-19 18:00:00,37.26786642516761,36.868015776644,38.63383188088985
2021-03-19 19:00:00,26.193702102719005,25.890828113000904,25.073060361877083
2021-03-19 20:00:00,16.30146508331473,16.20616285617428,14.461926030063358
2021-03-19 21:00:00,4.455422670440132,4.6114889967649,7.473101312200049
2021-03-19 22:00:00,0.0631968788353782,0.4182407602123508,1.53258962656155
2021-03-19 23:00:00,1.081461839075132,1.4615278608852105,3.031413071741333
2021-03-20 00:00:00,2.739543022953959,2.8820357618596395,3.5367296111865176
2021-03-20 01:00:00,2.6153457444438857,2.793948997547311,3.534665072312337
2021-03-20 02:00:00,7.61390756503056,7.732919789942523,8.597782372614347
2021-03-20 03:00:00,15.290261565875676,15.474201246713056,15.355206429564015
2021-03-20 04:00:00,11.372843908453904,11.589061783233326,12.68378152024728
2021-03-20 05:00:00,19.24370566527612,19.021008572385583,17.842965959037084
2021-03-20 06:00:00,18.652242996180977,18.39334424110294,17.029676481046668
2021-03-20 07:00:00,17.261616701012855,17.23911814744321,16.389122383431623
2021-03-20 08:00:00,20.961749139397067,21.14438660306754,21.24113335831764
2021-03-20 09:00:00,18.70224235323045,18.91570815750348,17.97747629739137
2021-03-20 10:00:00,18.314572168732692,18.65673579331658,17.587494200073813
2021-03-20 11:00:00,18.05656750129788,18.356714200049588,16.354686151288135
2021-03-20 12:00:00,24.212738752370964,24.337270090802512,22.435518934150902
2021-03-20 13:00:00,30.23033702287894,30.307077409227904,28.557081942743164
2021-03-20 14:00:00,26.94224829531115,26.77127192009877,26.419433949906
2021-03-20 15:00:00,24.394410490609708,24.402550974655924,26.234075881838024
2021-03-20 16:00:00,11.563395063421831,11.669942315051616,10.772241224942658
2021-03-20 17:00:00,6.40192960721016,6.539539138160453,7.129909097091562
2021-03-20 18:00:00,16.66764664955093,16.768416655786773,17.637449471173916
2021-03-20 19:00:00,27.25098462165577,27.22721727486556,26.93176533040264
2021-03-20 20:00:00,28.532503059809468,28.468212249413185,31.644213038263384
2021-03-20 21:00:00,18.40871038427223,18.5624603922243,18.300071279060152
2021-03-20 22:00:00,7.060708570886331,7.446059241001031,6.799062680245623
2021-03-20 23:00:00,1.9884959450406008,2.421120984725213,2.40786439462502
2021-03-21 00:00:00,6.209083899790571,6.322679105971408,5.297500248112938
2021-03-21 01:00:00,12.125281403042214,12.177219019266204,10.550688326513349
2021-03-21 02:00:00,5.018012257943572,5.168137116776389,5.33683864214348
2021-03-21 03:00:00,15.24852589560587,15.369535680595098,16.25560532871937
2021-03-21 04:00:00,30.38436809159661,30.334668713447524,30.536389242226512
2021-03-21 05:00:00,28.77841596038705,28.723066425478912,28.63157094855769
2021-03-21 06:00:00,23.843766844705677,23.778898079138862,24.489580849637083
2021-03-21 07:00:00,25.074077258786424,25.252253998316043,27.6518857771788
2021-03-21 08:00:00,23.657543289482305,24.216355126620435,24.418974467856607
2021-03-21 09:00:00,20.53273806762002,21.13274912333433,19.00395110927132
2021-03-21 10:00:00,20.153481708588554,20.83071274944511,18.844649456977606
2021-03-21 11:00:00,18.18164112928266,18.79870514425529,16.94742742844835
2021-03-21 12:00:00,17.415558277615084,17.81184632738004,15.014962088626802
2021-03-21 13:00:00,18.124639440018257,18.23103046849105,16.878904407466276
2021-03-21 14:00:00,11.425439773991586,11.40111342781529,10.448893043690536
2021-03-21 15:00:00,7.088641850933412,7.1120084514372985,6.772537434931806
2021-03-21 16:00:00,8.93424460294364,8.893432943139286,9.110848603267828
2021-03-21 17:00:00,21.919004894179004,21.653709138740275,20.93113315699072
2021-03-21 18:00:00,20.07875758800981,20.0625282073334,18.129018835366207
2021-03-21 19:00:00,15.926980751126507,15.924761005466658,14.579482985839595
2021-03-21 20:00:00,10.29445883776886,10.347268631461526,9.117650151895004
2021-03-21 21:00:00,13.94866406093054,13.952892792036607,11.33427149149582
2021-03-21 22:00:00,18.150992687904683,18.16238834013936,18.895009899275102
2021-03-21 23:00:00,12.171745956093488,12.177856960023538,9.981766648701946
2021-03-22 00:00:00,16.375639642735536,16.03754885482255,15.518672194605008
2021-03-22 01:00:00,21.526704318939046,21.288358569078405,19.26335785511604
2021-03-22 02:00:00,18.8794814971821,18.88884426677628,17.78445450097411
2021-03-22 03:00:00,29.12668940295232,29.13210905704217,25.278893068750275
2021-03-22 04:00:00,40.81803212426833,40.719398085453605,40.841681487330426
2021-03-22 05:00:00,41.77492022099152,41.26886040312719,41.25939852254281
2021-03-22 06:00:00,38.6042565129173,38.1182796251256,41.35388797873646
2021-03-22 07:00:00,30.30793700029181,30.16649929613669,32.43712091887693
2021-03-22 08:00:00,29.75670146668335,29.985527982163127,30.873100909536408
2021-03-22 09:00:00,33.5042009260626,33.615743761311826,33.08128682612184
2021-03-22 10:00:00,13.248055256780455,13.777170022412278,11.36674513193387
2021-03-22 11:00:00,31.14469016225896,31.324763791935112,31.341946111261063
2021-03-22 12:00:00,34.82189267441284,34.96960347172628,34.44314399379697
2021-03-22 13:00:00,34.73238578213972,34.7653220838299,33.8660722382998
2021-03-22 14:00:00,31.46092463126753,31.335379944073853,32.51828397933881
2021-03-22 15:00:00,31.51732926770704,31.55237478502073,33.091023526953805
2021-03-22 16:00:00,32.4558979137518,32.37420615288272,32.73405875829171
2021-03-22 17:00:00,33.268050166870154,33.018964747809946,33.788242855161194
2021-03-22 18:00:00,34.83056666510588,34.70096225472611,36.77494864673668
2021-03-22 19:00:00,30.612012755790893,30.39573014707064,31.51606425840083
2021-03-22 20:00:00,37.04358613784876,36.66162490183257,39.79056196391135
2021-03-22 21:00:00,31.22959137268191,30.98864460680672,34.53433552418946
2021-03-22 22:00:00,25.93033147511169,25.83580324641416,26.72184574823473
2021-03-22 23:00:00,25.18461102774427,25.08550277874857,25.043621360299145
2021-03-23 00:00:00,24.205061234266307,23.836562440438904,20.036110449527463
2021-03-23 01:00:00,27.52536343043096,27.12631968056757,26.077741730050928
2021-03-23 02:00:00,28.18908593848536,27.76971957112897,26.276184963325083
2021-03-23 03:00:00,34.14319020199311,33.82207902567901,26.76721945888637
2021-03-23 04:00:00,29.36882124292964,29.102945117700823,28.65726539567705
2021-03-23 05:00:00,30.358831110219395,29.992128379972435,28.43436667222657
2021-03-23 06:00:00,28.04511870378689,27.675542046469293,28.855027679688767
2021-03-23 07:00:00,24.957284073443287,24.89519329025984,26.9579066227159
2021-03-23 08:00:00,27.88393655072541,28.17579843362164,27.84231943992128
2021-03-23 09:00:00,19.575687848743108,19.98356019722686,18.05125079335605
2021-03-23 10:00:00,17.44072652474611,17.97286649114869,17.516334633840216
2021-03-23 11:00:00,19.78696429845225,20.258560684271423,18.05395933680905
2021-03-23 12:00:00,21.63340433056726,21.942347889935395,18.820567113905447
2021-03-23 13:00:00,23.291188577793395,23.489787843930284,23.30780085912547
2021-03-23 14:00:00,26.10192457036505,26.043140824973413,26.07062475664051
2021-03-23 15:00:00,30.45143284906703,30.45104100163615,29.910990195265104
2021-03-23 16:00:00,29.634429912970894,29.436220791457355,28.31758426362799
2021-03-23 17:00:00,29.606325132555472,29.288851168333316,27.70262785996692
2021-03-23 18:00:00,33.75658987806119,33.322706866414265,35.01009229410624
2021-03-23 19:00:00,26.14361929839524,25.765229433659357,25.120234307216503
2021-03-23 20:00:00,25.727929401373448,25.380101745657257,24.199910704943125
2021-03-23 21:00:00,34.61566090897891,34.21995681868257,35.38394980219378
2021-03-23 22:00:00,40.732223356531534,40.59983597314842,40.179705111667225
2021-03-23 23:00:00,41.72544691460941,41.58032373415051,40.57303750149009
2021-03-24 00:00:00,40.89614553410273,40.708179433865496,41.752288689760846
2021-03-24 01:00:00,41.62889955723436,41.45408711405162,43.56205596413857
2021-03-24 02:00:00,40.57871946200537,40.42949811561611,41.90558938582399
2021-03-24 03:00:00,44.78553258601386,44.73013622827488,41.59851786648769
2021-03-24 04:00:00,40.89315633075398,40.90779610446593,41.95217313783781
2021-03-24 05:00:00,40.08605901987001,39.66367085380106,41.32251240078131
2021-03-24 06:00:00,36.02505547393824,35.59536317840665,41.03636836220713
2021-03-24 07:00:00,35.52476901662767,35.35886398213973,37.37736308088187
2021-03-24 08:00:00,36.7124774884645,36.90868089683384,38.06711225712441
2021-03-24 09:00:00,37.922444887722165,38.18464291830747,38.10669699127711
2021-03-24 10:00:00,36.71114524638625,37.23940568544241,37.26602611549324
2021-03-24 11:00:00,33.85731196327677,34.31060429608336,33.62287340066814
2021-03-24 12:00:00,31.37732650832578,31.6557565902112,31.304623465642745
2021-03-24 13:00:00,32.06964671120872,32.09707162780094,31.89708634248418
2021-03-24 14:00:00,26.135513180817853,25.93488190909004,27.37927761338301
2021-03-24 15:00:00,20.13476207597541,20.231380968908528,18.88037354005116
2021-03-24 16:00:00,28.72746249841775,28.412630544691435,26.189591356125003
2021-03-24 17:00:00,37.50259048793025,37.19133253681249,38.88156211160485
2021-03-24 18:00:00,30.27870186717062,29.861130409078907,28.930474152534625
2021-03-24 19:00:00,23.57276539347013,23.263246100163997,23.876419649864797
2021-03-24 20:00:00,11.218187211842253,11.348727981748713,10.241058552770047
2021-03-24 21:00:00,0.2374432346633144,0.608981680061373,3.2971414266453154
2021-03-24 22:00:00,-0.7520187525365172,-0.3110881181681426,1.0904588969079667
2021-03-24 23:00:00,1.1398917774528603,1.608059653450353,2.756406180816034
2021-03-25 00:00:00,7.0994237376481175,7.240406003364227,7.0678262718148
2021-03-25 01:00:00,22.51720976544413,22.457282825154326,20.10331305506707
2021-03-25 02:00:00,24.07961924541004,24.039342726332137,21.93416389110559
2021-03-25 03:00:00,27.42113393372288,27.485053281268858,22.96633619728294
2021-03-25 04:00:00,22.655112108713368,22.78685248651427,20.608430962472852
2021-03-25 05:00:00,22.83818678727287,23.03163710655489,21.695053272774505
2021-03-25 06:00:00,17.870149135375648,18.003736307320477,18.24645020755522
2021-03-25 07:00:00,17.328127007795267,17.662571544935606,16.040421741812178
2021-03-25 08:00:00,21.91866597544934,22.42156977502684,21.37447379469953
2021-03-25 09:00:00,20.482721954708573,20.943153321066863,19.091787029847477
2021-03-25 10:00:00,17.51585073123176,18.16126451016102,17.287182088794967
2021-03-25 11:00:00,18.073128386581168,18.5265746723486,17.014880532520994
2021-03-25 12:00:00,13.887520770988422,14.288668313629044,10.740500712369595
2021-03-25 13:00:00,19.88014433074683,20.13167916945774,17.863826412195895
2021-03-25 14:00:00,20.94358918381924,20.9333108086096,22.43836948500497
2021-03-25 15:00:00,15.816617031551049,15.977676293521895,16.83282887663218
2021-03-25 16:00:00,17.637311764224034,17.56830719970128,18.43003455155731
2021-03-25 17:00:00,28.026176748372407,27.76380072213613,27.503230886809497
2021-03-25 18:00:00,31.36937292232324,31.28125202383793,32.322662488029074
2021-03-25 19:00:00,18.581305996591222,18.63607547119793,17.93207402939818
2021-03-25 20:00:00,19.03926166931906,19.126808454141475,15.128573601888595
2021-03-25 21:00:00,9.79746169758541,10.117850381121816,10.738847439185529
2021-03-25 22:00:00,1.0286609231785755,1.5243656766174964,1.5532011906699867
2021-03-25 23:00:00,2.895530051006069,3.3807141085652166,2.5298964352823043
2021-03-26 00:00:00,3.66327139702735,3.883495112146826,3.5791952975032744
2021-03-26 01:00:00,7.848872028887668,8.028179909997535,9.907504628557971
2021-03-26 02:00:00,13.721079419223967,13.84301137333838,12.139202558484318
2021-03-26 03:00:00,16.205642805895103,16.45472748377665,14.734360577280258
2021-03-26 04:00:00,12.31326655063522,12.632387359967698,12.1122162390509
2021-03-26 05:00:00,12.429630848175355,12.645709951293671,11.245260570385604
2021-03-26 06:00:00,4.915780693514908,5.178625158234675,7.735920791385989
2021-03-26 07:00:00,4.332022895664723,4.732794829731845,6.406696284803702
2021-03-26 08:00:00,7.216939702677035,7.908734406975681,5.263691379026995
2021-03-26 09:00:00,16.99648680976404,17.460643750507913,17.395219568972
2021-03-26 10:00:00,15.67674111713894,16.179278922810234,12.583652405133057
2021-03-26 11:00:00,17.998004180095514,18.33817665333628,17.306183865544572
2021-03-26 12:00:00,16.46672180996749,16.81158476034799,12.455578322833112
2021-03-26 13:00:00,10.270043063500967,10.497211789055749,9.869957090048995
2021-03-26 14:00:00,7.872294173790723,7.879133197319433,9.460425443815192
2021-03-26 15:00:00,6.164713402623061,6.302540469927857,7.092548662102677
2021-03-26 16:00:00,14.117488008826696,14.194056545025706,11.928128114360034
2021-03-26 17:00:00,36.57879542244454,36.25387030945122,36.90352542258791
2021-03-26 18:00:00,42.45965703934159,41.99758112297626,41.32154351614566
2021-03-26 19:00:00,38.31622733651224,37.88074703433311,39.62863724277169
2021-03-26 20:00:00,32.733788227478364,32.42885333966953,35.162642479095666
2021-03-26 21:00:00,19.14880180915848,19.10339125159247,17.125104448580977
2021-03-26 22:00:00,11.312076542878996,11.532299010598924,9.787717721268615
2021-03-26 23:00:00,5.449689687823252,5.84083121561339,5.592169663668503
2021-03-27 00:00:00,3.654924262973389,3.862561998923234,3.5791952975032744
2021-03-27 01:00:00,7.815483492671823,7.944447457103167,9.032815193431183
2021-03-27 02:00:00,6.76530339744282,6.919858458667662,5.764787579010289
2021-03-27 03:00:00,16.1639071356253,16.350061917658692,14.909932564600611
2021-03-27 04:00:00,14.85907905339844,15.07157135379228,12.939459998178885
2021-03-27 05:00:00,27.08147439086085,26.84095527122553,25.63999645153678
2021-03-27 06:00:00,23.037165113037023,22.814513822278304,23.136996942726388
2021-03-27 07:00:00,23.368788555206265,23.349209730839068,24.43503740716091
2021-03-27 08:00:00,14.996545255533318,15.326160821546823,12.811967762003516
2021-03-27 09:00:00,21.239707721939705,21.33395903810447,19.72530712358708
2021-03-27 10:00:00,19.05466359361894,19.19766665268475,17.944316246144734
2021-03-27 11:00:00,18.763270389968284,18.813912606523388,17.781672974967126
2021-03-27 12:00:00,20.676354111690344,20.793158963827928,17.9170426021501
2021-03-27 13:00:00,22.300749822700634,22.25686646492845,20.803276528213317
2021-03-27 14:00:00,26.01851992123776,25.76981256981158,24.95222766710728
2021-03-27 15:00:00,15.68299619527535,15.706743604870342,16.958602659200057
2021-03-27 16:00:00,7.9686471757758035,7.915302272585971,8.40952572580166
2021-03-27 17:00:00,13.115638741426432,12.855631769347008,12.367215901842329
2021-03-27 18:00:00,14.745065694918496,14.577099936200073,11.54798997768256
2021-03-27 19:00:00,4.569588344381397,4.538572283173392,8.171823321203574
2021-03-27 20:00:00,4.195634117629416,4.258110161289259,6.002835563018524
2021-03-27 21:00:00,7.941657815384667,8.093998567323853,10.120088839783357
2021-03-27 22:00:00,1.877265090766316,2.337427007892357,4.518256888378124
2021-03-27 23:00:00,5.449689687823252,5.84083121561339,5.592169663668503
2021-03-28 00:00:00,8.82167347498548,8.929328005584722,9.689285835305482
2021-03-28 01:00:00,11.285024369508436,11.385090801214936,10.369687949833676
2021-03-28 02:00:00,14.561336452757748,14.63513959138965,12.0832925342975
2021-03-28 03:00:00,17.029205571320965,17.204989475380735,18.17628551690128
2021-03-28 04:00:00,26.1413472536579,26.26936205707322,26.085602315602213
2021-03-28 05:00:00,30.509279597427657,30.176933049219343,29.585319061502894
2021-03-28 06:00:00,27.305227353137603,26.942619818323383,29.30545680733875
2021-03-28 07:00:00,29.375794800752136,29.208103955551827,31.44193992402864
2021-03-28 08:00:00,22.70904027889631,22.89610794495881,22.03516740565628
2021-03-28 09:00:00,26.406456933951794,26.40072504476596,26.050380929556567
2021-03-28 10:00:00,23.42282475095473,23.640967130338844,22.135431201220506
2021-03-28 11:00:00,31.88464820432057,31.99368889715511,31.186720523180306
2021-03-28 12:00:00,38.98965592304124,38.97450635494009,37.43490342421728
2021-03-28 13:00:00,37.17789929343077,37.08130296482321,36.207238705657375
2021-03-28 14:00:00,25.311950415392,25.184619917485957,24.8176804819876
2021-03-28 15:00:00,22.747418342582638,22.774032745595928,20.74425548608109
2021-03-28 16:00:00,12.428760190529816,12.460872749847743,11.791700933489992
2021-03-28 17:00:00,8.082510365690037,8.059798451337077,5.965638516082997
2021-03-28 18:00:00,14.030015672194136,14.098968416502682,10.965683412426689
2021-03-28 19:00:00,9.886585969364791,9.982134327859534,8.531715277526837
2021-03-28 20:00:00,11.27661715021998,11.495259774313856,10.95173859782499
2021-03-28 21:00:00,6.327920820748799,6.677207037010049,7.989303404422928
2021-03-28 22:00:00,6.237145805460475,6.695797249396945,7.061695671609445
2021-03-28 23:00:00,5.499772492147019,5.966429894954941,7.491069480329298
2021-03-29 00:00:00,16.642747932462292,16.707408477977488,16.42825896992185
2021-03-29 01:00:00,19.954702994572987,19.97623260488256,19.014800050943112
2021-03-29 02:00:00,16.325321860364916,16.428727159728105,16.54506554403418
2021-03-29 03:00:00,23.98498159310211,24.128142390051455,19.7131147408566
2021-03-29 04:00:00,26.149694387711865,26.29029517029681,26.085602315602213
2021-03-29 05:00:00,26.241217357327077,26.048827053174264,24.6764699494256
2021-03-29 06:00:00,24.767761984428347,24.52436893772239,25.61397389531534
2021-03-29 07:00:00,22.51183725356456,22.515215286340617,24.11310575761644
2021-03-29 08:00:00,22.79257831084824,23.041441954268816,21.643171983257712
2021-03-29 09:00:00,26.556772038335417,26.7135239598647,26.03847917255524
2021-03-29 10:00:00,26.085630513298057,26.24522046344188,26.151007765551
2021-03-29 11:00:00,26.62614720912722,26.632661522108197,26.47416300936303
2021-03-29 12:00:00,33.731154927847896,33.613478979893166,34.195879427010546
2021-03-29 13:00:00,38.80839724758688,38.47596359865828,37.335907424859386
2021-03-29 14:00:00,41.61078610610457,41.00838346647782,41.08615638578736
2021-03-29 15:00:00,42.52414204418578,42.05937275192315,39.43205588544265
2021-03-29 16:00:00,36.58205887493504,36.14644922412674,37.125741380499775
2021-03-29 17:00:00,29.67330227922412,29.264324705344304,28.367095401856247
2021-03-29 18:00:00,30.412256012034,30.196060220656378,30.11475774218792
2021-03-29 19:00:00,24.53822943781333,24.36937101656914,25.17531161227788
2021-03-29 20:00:00,20.66969293206285,20.585466210902464,19.48319312865686
2021-03-29 21:00:00,14.057176803632036,14.225023263943305,11.621383331929955
2021-03-29 22:00:00,6.195410135190668,6.591131683278986,6.541980640601724
2021-03-29 23:00:00,4.584391252127589,4.985903657891345,5.029086935720958
2021-03-30 00:00:00,3.646577128919428,3.8416288856996426,3.6307176962042655
2021-03-30 01:00:00,6.09323375533446,6.255525454882671,7.017337467262004
2021-03-30 02:00:00,5.034706526051495,5.2100033432235735,5.357714063018901
2021-03-30 03:00:00,19.67518368273172,19.89537082788842,24.111072005273076
2021-03-30 04:00:00,21.83154934328751,22.036590494910183,18.85235049101033
2021-03-30 05:00:00,21.89803091074084,21.73232303811686,19.91934308651921
2021-03-30 06:00:00,20.43292267189607,20.22879803588858,18.676808063369435
2021-03-30 07:00:00,24.200698454686083,24.120404835666747,25.79392036503074
2021-03-30 08:00:00,22.76747021727404,23.04263973752396,22.030730717463197
2021-03-30 09:00:00,22.961957459277063,23.022881040324965,21.396517065101374
2021-03-30 10:00:00,17.45762086709099,17.82274134881813,16.90595950430059
2021-03-30 11:00:00,12.839802176374343,13.100352391120634,10.562763247861495
2021-03-30 12:00:00,20.79341406268276,20.894231180180466,17.576842922852215
2021-03-30 13:00:00,29.44036286790589,29.44855650174044,28.545906481930334
2021-03-30 14:00:00,32.267726437173145,32.10777283215667,32.83540045928016
2021-03-30 15:00:00,34.088049789807506,34.18235236436793,34.41972984080209
2021-03-30 16:00:00,32.41402886065735,32.39753483261659,32.17625112360949
2021-03-30 17:00:00,30.64698007479664,30.519376980824877,31.058498470399197
2021-03-30 18:00:00,33.099969793714564,32.99110713928202,34.302439404005774
2021-03-30 19:00:00,27.259331755709734,27.24815038808915,26.99182146267
2021-03-30 20:00:00,17.33370620008962,17.479752678368165,15.04876000733468
2021-03-30 21:00:00,19.3157444902377,19.522053516064304,18.36624903365732
2021-03-30 22:00:00,6.237145805460475,6.695797249396945,7.061695671609445
2021-03-30 23:00:00,1.164933179614744,1.6708589931211284,2.6974085945091364
2021-03-31 00:00:00,3.6883127991892337,3.9462944518176015,3.8847551824453377
2021-03-31 01:00:00,6.134969425604265,6.36019102100063,7.1856199736949
2021-03-31 02:00:00,8.554330207211875,8.776245366676893,9.477786836947796
2021-03-31 03:00:00,17.095982643752652,17.372454381169472,17.940071936243253
2021-03-31 04:00:00,32.22347770568942,32.316654300798305,32.004326294551014
2021-03-31 05:00:00,34.03718372122968,33.828105308822174,33.674449327014685
2021-03-31 06:00:00,29.984527309351886,29.780730746651347,31.076402843900244
2021-03-31 07:00:00,29.47589371798735,29.523298437160843,31.308883254006524
2021-03-31 08:00:00,26.270332938914176,26.631012657456004,27.693287601106302
2021-03-31 09:00:00,26.573266232206382,26.947381555089628,25.83066001584668
2021-03-31 10:00:00,30.470352555917135,30.85838141339499,29.53213173870386
2021-03-31 11:00:00,33.71534399294711,34.018738494208215,33.40069505967085
2021-03-31 12:00:00,30.386754370408383,30.550829457061194,29.49821117532573
2021-03-31 13:00:00,36.35440321941724,36.267043850293206,35.85505766303024
2021-03-31 14:00:00,33.09135589401132,32.79403770083484,33.23886937859356
2021-03-31 15:00:00,27.065630078419307,26.96374029805664,27.97236123962687
2021-03-31 16:00:00,25.41671724284336,25.17772498305017,26.93986192348081
2021-03-31 17:00:00,33.25142259017455,32.91310139843685,33.77046117804365
2021-03-31 18:00:00,31.419455726647005,31.40685070317948,32.581522096459075
2021-03-31 19:00:00,35.91231611266636,35.79742596530959,40.90346888912168
2021-03-31 20:00:00,30.29648846741664,30.26179981775164,32.23861539963505
2021-03-31 21:00:00,12.376662736564477,12.640766827840764,10.138034705661594
2021-03-31 22:00:00,0.1967510236987575,0.7531705717898197,1.4353586008728905
2021-03-31 23:00:00,2.0552730174722904,2.588585890513948,2.5076737254788237
2021-04-01 00:00:00,3.671618531081311,3.9044282253704177,3.693982218397812
2021-04-01 01:00:00,17.392196223701845,17.495182384610793,16.924043835439065
2021-04-01 02:00:00,12.023871084048489,12.216888710788664,11.724525871037736
2021-04-01 03:00:00,17.070941241590766,17.309655041498694,17.96367302651101
2021-04-01 04:00:00,11.439620980885596,11.75652668902206,13.006637214737312
2021-04-01 05:00:00,9.767225234305958,9.657473880635145,10.912960838685969
2021-04-01 06:00:00,8.335505531677033,8.237681331301232,8.587029071689573
2021-04-01 07:00:00,11.288065683095148,11.399959252698904,11.60867570147478
2021-04-01 08:00:00,19.3731202383354,19.7263972894986,18.787371322678933
2021-04-01 09:00:00,16.181537944041423,16.47532638042376,12.858324796111589
2021-04-01 10:00:00,13.979732856200418,14.36116489148277,11.418087599103291
2021-04-01 11:00:00,24.08868184041796,24.214410641507204,21.42937261805916
2021-04-01 12:00:00,25.935121872532967,25.89819784717118,26.30265219654277
2021-04-01 13:00:00,31.977828236615142,31.866807382341435,30.638485820767357
2021-04-01 14:00:00,24.45506580516262,24.286628350061584,23.54140266195563
2021-04-01 15:00:00,21.8154095258676,21.687643159159236,19.358426618184687
2021-04-01 16:00:00,21.988845344864234,21.905744327982276,21.37186068068239
2021-04-01 17:00:00,26.295579876981083,26.053945606692047,25.555501803606976
2021-04-01 18:00:00,28.80686615145209,28.800201803566164,28.456954374129083
2021-04-01 19:00:00,21.16885416962425,21.17992503114047,19.494673865824456
2021-04-01 20:00:00,21.64350411046001,21.7125242405312,20.76257015167124
2021-04-01 21:00:00,18.45044605454204,18.667125958342258,18.523736892398038
2021-04-01 22:00:00,6.253840073568397,6.737663475844128,7.148492824575216
2021-04-01 23:00:00,3.785869888863616,4.298441005958036,6.123379866780891
2021-04-02 00:00:00,4.536916966776975,4.759355783092461,3.677122837633152
2021-04-02 01:00:00,5.269670989908603,5.505263463278586,6.908493175336077
2021-04-02 02:00:00,9.419628642907536,9.631172924398935,9.581886289508114
2021-04-02 03:00:00,11.01385219172113,11.325162137444387,11.299426019584264
2021-04-02 04:00:00,14.010474885810698,14.25851002251742,12.811803246164494
2021-04-02 05:00:00,17.529869753405038,17.289022560462765,17.123620913296275
2021-04-02 06:00:00,12.628609173939502,12.428586667017084,12.432471101963737
2021-04-02 07:00:00,12.935191213946863,12.900483235907076,11.481885489139778
2021-04-02 08:00:00,13.18247704360238,13.406974573866815,11.420547835340694
2021-04-02 09:00:00,12.603484324503317,12.7625525644053,10.89829767955036
2021-04-02 10:00:00,16.508917782268036,16.694485535934252,17.003423130704913
2021-04-02 11:00:00,34.413833130388184,34.32700954160659,34.87086577310268
2021-04-02 12:00:00,47.56758276492454,47.27138679022229,42.09354901339126
2021-04-02 13:00:00,44.89887483367235,44.54418895560696,43.68431271253081
2021-04-02 14:00:00,35.59543272650474,35.12855612854147,36.52782142853188
2021-04-02 15:00:00,31.350386586627817,31.1337125205489,32.70670810069804
2021-04-02 16:00:00,21.91372113837858,21.717346308969947,21.59975371456188
2021-04-02 17:00:00,16.735561414058985,16.5450769056316,17.76148341477606
2021-04-02 18:00:00,30.47903308446569,30.36352512644511,30.40285346816109
2021-04-02 19:00:00,26.352297649744266,26.28855726424915,26.38495666901098
2021-04-02 20:00:00,23.390795249959258,23.46424558242247,22.66672079717381
2021-04-02 21:00:00,12.41005127278032,12.724499280735133,10.300175698096796
2021-04-02 22:00:00,4.523243202177071,5.027808360400041,6.826654766294693
2021-04-02 23:00:00,2.0552730174722904,2.588585890513948,2.5076737254788237
2021-04-03 00:00:00,4.5536112348848965,4.801222009539646,3.867895801680677
2021-04-03 01:00:00,8.739211866745215,8.945906807390354,9.638596418914169
2021-04-03 02:00:00,5.958434900124885,6.21146269351076,6.27232949123706
2021-04-03 03:00:00,9.291602454383764,9.63624013522389,9.422677232786455
2021-04-03 04:00:00,21.83989647734147,22.05752360813377,18.85235049101033
2021-04-03 05:00:00,24.49399290924014,24.23310858835708,22.527216453877912
2021-04-03 06:00:00,20.44968363141631,20.20666713940985,20.261257950233208
2021-04-03 07:00:00,19.07575160435611,19.0943072721973,18.542354660154476
2021-04-03 08:00:00,20.221724405923137,20.53945862077346,19.79802625308917
2021-04-03 09:00:00,23.99419857605195,24.29647086251885,22.16201182020262
2021-04-03 10:00:00,19.1715234703744,19.490730237815036,17.608325929891365
2021-04-03 11:00:00,15.42735034940737,15.644201951063174,15.087464530421824
2021-04-03 12:00:00,15.534846376077091,15.597200928059468,11.794556212372218
2021-04-03 13:00:00,29.340197259258357,29.197359143057337,28.18631962891604
2021-04-03 14:00:00,14.836550712450473,14.695224979361914,13.097417134826914
2021-04-03 15:00:00,7.105202736216694,7.2818689237363134,7.676432683943215
2021-04-03 16:00:00,5.497892188085913,5.728513420699632,5.87692346191177
2021-04-03 17:00:00,14.139466032735038,14.172285601243212,11.928404245855509
2021-04-03 18:00:00,22.73308283347453,22.773842673064674,20.739509100827327
2021-04-03 19:00:00,30.72052549849239,30.66786061897733,31.34731028252356
2021-04-03 20:00:00,20.78655280881831,20.878529796032748,22.079195523603417
2021-04-03 21:00:00,22.785285367074312,22.96269686017607,19.799373203377417
2021-04-03 22:00:00,24.43345435723128,24.712075301230644,25.53640692882929
2021-04-03 23:00:00,16.748652156190637,17.080488145341512,16.614239582401748
2021-04-04 00:00:00,22.716531250439854,22.73376760847898,21.11307675495778
2021-04-04 01:00:00,13.931002480919192,14.075472153722618,12.157375387368386
2021-04-04 02:00:00,18.07261299986417,18.180448501619377,17.555800782329587
2021-04-04 03:00:00,24.001675861210032,24.17000861649864,19.14012587786773
2021-04-04 04:00:00,26.12465298554998,26.22749583062604,25.96478831478821
2021-04-04 05:00:00,24.493926217827827,24.297105711282995,22.42026224720536
2021-04-04 06:00:00,21.32326250975361,21.1465249332814,21.655403158383027
2021-04-04 07:00:00,25.132773962813435,25.142797299177523,27.407983033223577
2021-04-04 08:00:00,27.194061312987568,27.63247200774319,28.032201755946165
2021-04-04 09:00:00,24.05249513160504,24.57099690093582,22.18984266897152
2021-04-04 10:00:00,24.521776248749,25.146018981247373,24.07128884084253
2021-04-04 11:00:00,28.606958027900426,29.162501403037783,29.24172559447099
2021-04-04 12:00:00,28.73949545673203,29.178299719704853,28.53680118669702
2021-04-04 13:00:00,22.61794091675116,23.05232476742494,20.572293924966047
2021-04-04 14:00:00,28.8815235180515,29.00445486613265,29.835571961432144
2021-04-04 15:00:00,29.75314378586291,29.95077858546003,30.97147221592926
2021-04-04 16:00:00,28.944487983820743,28.956891488504823,27.480565724026444
2021-04-04 17:00:00,25.438495192514743,25.347945408045423,24.25405360139669
2021-04-04 18:00:00,26.144193771933413,26.0679542246113,25.7623170586148
2021-04-04 19:00:00,10.72684300289857,10.774262545910805,8.88614254136908
2021-04-04 20:00:00,20.68638720017077,20.627332437349647,20.54605718039688
2021-04-04 21:00:00,16.552906502071487,16.538608578426334,16.72263002396883
2021-04-04 22:00:00,12.118945040196929,12.240694775755824,10.293022749906669
2021-04-04 23:00:00,15.64963396698406,15.6394334173589,16.073070540800586
2021-04-05 00:00:00,20.668743284998005,20.228454190538404,19.296250517099665
2021-04-05 01:00:00,32.642029838119285,32.06748700788751,32.95720751517522
2021-04-05 02:00:00,27.298746100627813,26.85199267373615,26.43521345419646
2021-04-05 03:00:00,28.92635818565725,28.629714339675967,25.087520359995228
2021-04-05 04:00:00,22.413045221148494,22.179792203030107,20.686193227760235
2021-04-05 05:00:00,18.16952880399447,17.834744552851493,16.821115031919046
2021-04-05 06:00:00,13.259921090474972,12.95337554618222,15.41917593316951
2021-04-05 07:00:00,15.338835672143464,15.239792796634257,14.892397982719364
2021-04-05 08:00:00,10.42771942384085,10.700451241156102,10.07801731891866
2021-04-05 09:00:00,7.261178531708759,7.512179671752043,6.265987364953677
2021-04-05 10:00:00,7.747153916960635,8.12906797851078,8.627585671754158
2021-04-05 11:00:00,16.150547431948734,16.3352579527619,14.452849728695483
2021-04-05 12:00:00,22.38190958091979,22.44021473960124,21.07375737626128
2021-04-05 13:00:00,32.70937245321047,32.57879649726375,32.74703872546555
2021-04-05 14:00:00,34.6464628760325,34.25628880736125,34.747240512981065
2021-04-05 15:00:00,22.58868941273273,22.504297840199516,21.16667664457586
2021-04-05 16:00:00,14.916009372090668,14.881519196959012,12.625644023974996
2021-04-05 17:00:00,23.557583216739797,23.3252913775026,22.551715167769835
2021-04-05 18:00:00,35.512228151614394,35.09536132152913,38.21875307856906
2021-04-05 19:00:00,38.29953306840433,37.83888080788593,39.84572933231618
2021-04-05 20:00:00,32.70874682531648,32.366053999998755,37.04946204304822
2021-04-05 21:00:00,27.77674476395322,27.58986748914213,29.451821926384653
2021-04-05 22:00:00,24.224776005882248,24.18874747064085,25.17150705968094
2021-04-05 23:00:00,26.099992267763703,26.06602901581217,26.698529390826863
2021-04-06 00:00:00,28.60667761923027,28.299598248061454,27.90859564145905
2021-04-06 01:00:00,26.710147799059065,26.396990802187076,25.86484195545828
2021-04-06 02:00:00,24.853099206512127,24.66400603859467,20.28085890600013
2021-04-06 03:00:00,27.329315459129305,27.25478903580935,23.38233704053429
2021-04-06 04:00:00,22.563293634119795,22.55658824105476,20.9106237954636
2021-04-06 05:00:00,22.67965793165993,22.56991083238073,21.837070686456208
2021-04-06 06:00:00,18.61030725167421,18.48067004376273,17.078517326866827
2021-04-06 07:00:00,16.30429971648666,16.3459177130394,16.249186952444177
2021-04-06 08:00:00,15.71967564666236,16.081213946171466,17.030608979244622
2021-04-06 09:00:00,11.71287772099649,12.10081415871614,10.36380135915727
2021-04-06 10:00:00,8.746006497519677,9.318925347810293,9.618750670079647
2021-04-06 11:00:00,9.319978420977003,9.72610173644506,7.430254635958967
2021-04-06 12:00:00,12.947098128807108,13.245342736894672,9.52284730142435
2021-04-06 13:00:00,16.352173515532492,16.544504032780832,12.81893155472728
2021-04-06 14:00:00,14.81130923605163,14.824417008468885,13.511734858662871
2021-04-06 15:00:00,9.634187588047354,9.80718093696554,9.945368792280606
2021-04-06 16:00:00,8.00190232916701,8.12702897133217,8.710095382395194
2021-04-06 17:00:00,8.880831654717053,8.93925247204813,10.408148964467326
2021-04-06 18:00:00,11.317260488351687,11.241122158206265,10.594660660130351
2021-04-06 19:00:00,8.022434953110086,7.937349400837977,6.97064278239308
2021-04-06 20:00:00,2.4149544419143223,2.422656366503619,5.508952261697039
2021-04-06 21:00:00,2.683090128779001,2.796968315202853,4.826101799151878
2021-04-06 22:00:00,-0.0119273276502722,0.2298427412000243,1.924786518002633
2021-04-06 23:00:00,3.585538671568547,3.7960462885918327,4.750231861383512
2021-04-07 00:00:00,5.235272721393413,5.19562107634267,5.483877402202428
2021-04-07 01:00:00,13.747365531732044,13.6149436628036,10.942035124380393
2021-04-07 02:00:00,16.175073447393615,16.051931121703454,16.534369655035437
2021-04-07 03:00:00,26.44732275532572,26.357995251640123,25.294382554333406
2021-04-07 04:00:00,25.99944597474056,25.91349913227216,25.72683992578806
2021-04-07 05:00:00,25.275486547334594,25.198690628472782,24.63587904210504
2021-04-07 06:00:00,22.04639290088266,21.90157805790604,22.08059369444353
2021-04-07 07:00:00,19.74873249974907,19.78775884040631,21.222619296230995
2021-04-07 08:00:00,16.5431717206759,16.89547306070147,16.803651266351316
2021-04-07 09:00:00,15.132269102097018,15.479855946412272,14.112114899296586
2021-04-07 10:00:00,12.190439280782089,12.7607664751772,13.747738228180063
2021-04-07 11:00:00,15.385347913488284,15.795524876648876,14.664242848270227
2021-04-07 12:00:00,26.79180640852539,26.98818078337329,26.33816172336963
2021-04-07 13:00:00,24.12316516868553,24.196985825832044,22.79908828557816
2021-04-07 14:00:00,15.659980095051688,15.573481216817829,16.798738661623993
2021-04-07 15:00:00,22.6387722170565,22.629896519541063,21.84043699504481
2021-04-07 16:00:00,22.72038956145956,22.617733442904598,23.163823207831225
2021-04-07 17:00:00,23.565930350793757,23.34622449072619,22.58674503634809
2021-04-07 18:00:00,16.492356834417745,16.328821278091347,17.474672826223763
2021-04-07 19:00:00,6.291838081718761,6.227494285393888,8.234431927987437
2021-04-07 20:00:00,6.749793754446597,6.718227268337431,7.859027913907425
2021-04-07 21:00:00,7.026276575365237,7.113472330260257,8.710284395881674
2021-04-07 22:00:00,3.491002085402185,3.75421853820616,3.789587332740269
2021-04-07 23:00:00,7.962113654370628,8.196282756543603,9.221721935590786
2021-04-08 00:00:00,6.159001095466804,6.1970804266298565,5.333665900001038
2021-04-08 01:00:00,4.312554079619366,4.420071660097031,3.64139751354544
2021-04-08 02:00:00,4.984623721727727,5.084404663882022,4.546862449803451
2021-04-08 03:00:00,15.25687302965983,15.39046879381869,16.345473238587278
2021-04-08 04:00:00,20.85773816489035,20.909532465281448,18.44469034575742
2021-04-08 05:00:00,21.839467589538472,21.71378549140355,19.620104621838152
2021-04-08 06:00:00,17.74507550739087,17.561745363114767,17.550290863183765
2021-04-08 07:00:00,11.986221363474629,12.028215914726855,12.077325619224345
2021-04-08 08:00:00,5.352855377834651,5.799952357028208,5.6731887160902845
2021-04-08 09:00:00,14.32560067901604,14.579468812477623,12.40150640580223
2021-04-08 10:00:00,7.032303968473233,7.458945090035641,6.414704900482787
2021-04-08 11:00:00,9.403583144341257,9.807438622829148,6.506440624163266
2021-04-08 12:00:00,13.929389824082866,14.265339633895172,10.851316627694503
2021-04-08 13:00:00,11.310764697154452,11.66374047862139,9.41256557569823
2021-04-08 14:00:00,11.483936403781634,11.483648097454518,10.305309288517288
2021-04-08 15:00:00,9.784702766667934,9.927988483286532,9.059131671189904
2021-04-08 16:00:00,14.27635032150124,14.335797204570287,12.49828842204894
2021-04-08 17:00:00,16.77736377574111,16.585745348823643,17.899871893796956
2021-04-08 18:00:00,13.248188577038084,13.453371991016557,10.817297198267736
2021-04-08 19:00:00,5.610176595210245,5.833095218590863,10.13297270449682
2021-04-08 20:00:00,12.091832781591876,12.224588652694347,10.744403944149743
2021-04-08 21:00:00,5.445928116945213,5.7804132528408205,7.755448905648477
2021-04-08 22:00:00,2.775952062677824,3.2760870185087683,4.628764559313477
2021-04-08 23:00:00,3.794217022917577,4.319374119181628,7.062104866635124
2021-04-09 00:00:00,4.5536112348848965,4.801222009539646,3.867895801680677
2021-04-09 01:00:00,9.596163168386916,9.779901251888806,9.171377836355097
2021-04-09 02:00:00,9.402934374799614,9.589306697951752,9.6927355467151
2021-04-09 03:00:00,17.07928837564473,17.330588154722285,17.96367302651101
2021-04-09 04:00:00,23.55379908062488,23.72551249713068,22.8860488204631
2021-04-09 05:00:00,27.1314905037723,27.030551073493,25.75276660110914
2021-04-09 06:00:00,32.58876975049283,32.36644653304107,37.05968562763945
2021-04-09 07:00:00,26.905039813062245,27.021315103665486,28.40974255355888
2021-04-09 08:00:00,23.7579089723668,24.27556111652579,23.82640280017026
2021-04-09 09:00:00,23.21230478948358,23.714871559958635,21.94292643043712
2021-04-09 10:00:00,20.245433566006767,20.932982749052787,18.986344793484044
2021-04-09 11:00:00,18.24013775907271,18.881239813894524,17.109186761787264
2021-04-09 12:00:00,19.26294833434954,19.878762150880327,17.442996988093793
2021-04-09 13:00:00,21.78603101727134,22.28112966259726,19.184985781912875
2021-04-09 14:00:00,16.78403968642015,17.077335284471218,17.254390062748005
2021-04-09 15:00:00,22.87255866197973,23.15202656687572,21.211114923501253
2021-04-09 16:00:00,27.24734634005758,27.266771703029185,27.38790500990012
2021-04-09 17:00:00,34.99858034684917,34.79281698617996,32.27734016953171
2021-04-09 18:00:00,39.19044737980005,39.059332496230695,40.72915875115363
2021-04-09 19:00:00,32.434428101775794,32.33584950797423,33.86214341154597
2021-04-09 20:00:00,26.85198899274191,26.88395581331065,30.07692244575861
2021-04-09 21:00:00,22.776938233020356,22.94176374695248,19.906399017069894
2021-04-09 22:00:00,7.110791375210098,7.571657920342582,7.330946364517887
2021-04-09 23:00:00,2.920571453167953,3.443513448235992,2.5781974166609958
2021-04-10 00:00:00,3.6883127991892337,3.9462944518176015,3.8847551824453377
2021-04-10 01:00:00,3.5474212525712376,3.8163414610580895,3.7584831473761366
2021-04-10 02:00:00,3.3625395930378974,3.646680020344628,6.951462130565705
2021-04-10 03:00:00,16.23068420805699,16.517526823447426,14.7107594870125
2021-04-10 04:00:00,18.3620084664509,18.595947150798413,18.582886342807942
2021-04-10 05:00:00,18.45346474465379,18.418476156601784,17.292538725187445
2021-04-10 06:00:00,16.13140520416732,16.08095670987505,16.628004807724402
2021-04-10 07:00:00,17.378409886355993,17.59617885549941,16.50806799336313
2021-04-10 08:00:00,18.566118358192824,19.14599577019353,18.11501523382497
2021-04-10 09:00:00,18.045488886059168,18.71210267622306,18.00430344575782
2021-04-10 10:00:00,19.39676270700671,20.183918540703843,17.982351290479567
2021-04-10 11:00:00,22.59160464830059,23.282674065101435,20.217039305830028
2021-04-10 12:00:00,22.75753061334804,23.382204834662872,20.88194996695089
2021-04-10 13:00:00,15.745636235509624,16.338502984990136,12.7221593319765
2021-04-10 14:00:00,16.767345418312225,17.035469058024034,17.206962499129965
2021-04-10 15:00:00,13.36255631196908,13.83275366808274,11.74587364359338
2021-04-10 16:00:00,15.191464795871388,15.572311933337543,13.378999848575267
2021-04-10 17:00:00,12.550770440261052,12.818293410600186,11.784137717928768
2021-04-10 18:00:00,14.121834146787709,14.329232661962193,11.657450015891328
2021-04-10 19:00:00,12.549258348883468,12.7143819068144,14.06834663505331
2021-04-10 20:00:00,6.101520804153926,6.407560654428774,9.274262413601983
2021-04-10 21:00:00,2.88342134607407,3.2993630325690564,5.917783358327927
2021-04-10 22:00:00,0.1884038896447961,0.732237458566228,1.4353586008728905
2021-04-10 23:00:00,2.920571453167953,3.443513448235992,2.5781974166609958
2021-04-11 00:00:00,4.5536112348848965,4.801222009539646,3.867895801680677
2021-04-11 01:00:00,7.873913431049551,8.09097924966831,9.505594839725957
2021-04-11 02:00:00,12.007176815940564,12.175022484341476,11.924098764196602
2021-04-11 03:00:00,26.614265436404946,26.77665751611196,22.48369385898586
2021-04-11 04:00:00,32.21513057163546,32.29572118757471,32.01169142223577
2021-04-11 05:00:00,30.600897997784276,30.5991886634566,29.614804791463
2021-04-11 06:00:00,26.5649358540144,26.59368032773296,27.85329732837696
2021-04-11 07:00:00,26.896559296183646,27.128376236293725,28.454199958419206
2021-04-11 08:00:00,15.903312595849506,16.541742437090488,17.112152304986434
2021-04-11 09:00:00,15.257542804318756,15.729855521840234,12.117581655842915
2021-04-11 10:00:00,13.962838513855536,14.511290033813331,11.51206241724734
2021-04-11 11:00:00,17.11601147629193,17.441382869167047,15.11520995563289
2021-04-11 12:00:00,14.669347866144472,14.934264739115168,13.636914128423095
2021-04-11 13:00:00,12.832549834372111,12.978262009327514,11.28577502410564
2021-04-11 14:00:00,15.684954805801253,15.70027767941452,16.860969225380234
2021-04-11 15:00:00,18.320560481219825,18.44018896708035,18.180417056518387
2021-04-11 16:00:00,20.97303173054799,20.93000922393924,21.350601791350744
2021-04-11 17:00:00,6.243200677360258,6.269804232764039,6.615794151561296
2021-04-11 18:00:00,22.524404482125497,22.25051484247488,19.340421819720262
2021-04-11 19:00:00,20.11157165068748,19.84353586927581,19.161803684788755
2021-04-11 20:00:00,18.007020552544176,17.853218631947595,15.637844903387808
2021-04-11 21:00:00,18.341933311840545,18.394995486435565,17.98393236077496
2021-04-11 22:00:00,11.412242151526527,11.783496369282023,9.981562273405766
2021-04-11 23:00:00,2.0552730174722904,2.588585890513948,2.5076737254788237
2021-04-12 00:00:00,7.157853676025846,7.38693779592937,8.345867056087455
2021-04-12 01:00:00,13.082398313331453,13.26241082244776,12.47688486858319
2021-04-12 02:00:00,9.411281508853577,9.610239811175344,9.603331123977346
2021-04-12 03:00:00,12.761143331220376,13.076883479335658,12.225236286961932
2021-04-12 04:00:00,14.052210556080505,14.36317558863538,12.746524679729864
2021-04-12 05:00:00,34.02055614453408,33.72224195944907,33.69310606794939
2021-04-12 06:00:00,32.580489307851195,32.28151629689157,37.79458169299584
2021-04-12 07:00:00,27.7119750017925,27.665713745896472,29.34871793179636
2021-04-12 08:00:00,21.03687334588272,21.332784622079867,20.99188366317953
2021-04-12 09:00:00,21.28979052626347,21.459557717446025,19.81830266933197
2021-04-12 10:00:00,20.81864900122611,20.991254221023205,19.83173801385205
2021-04-12 11:00:00,17.04102065263092,17.12499060430289,15.67709371601544
2021-04-12 12:00:00,13.787488545165528,13.909476709094111,10.494389482168303
2021-04-12 13:00:00,12.790947546926944,12.745602197357725,10.920200472214391
2021-04-12 14:00:00,12.248935848005123,12.215372542345287,12.075789479954729
2021-04-12 15:00:00,13.994201685566152,14.037556932618298,12.288684891341823
2021-04-12 16:00:00,13.135396387787896,12.98206827924746,13.134331093958265
2021-04-12 17:00:00,13.964242909014173,13.66869310062187,13.303719349953107
2021-04-12 18:00:00,11.233789147812075,11.031791025970346,10.158783610399308
2021-04-12 19:00:00,1.091700333490823,1.0769958258380314,4.283122573247392
2021-04-12 20:00:00,5.0609325533250775,5.113037719011302,8.291967791732711
2021-04-12 21:00:00,13.158489831720528,13.286363253326892,10.951178729345896
2021-04-12 22:00:00,1.885612224820277,2.3583601211159486,4.530569760690996
2021-04-12 23:00:00,1.173280313668705,1.69179210634472,2.7109447497119583
2021-04-13 00:00:00,2.8146672294396096,3.0704337808719657,3.667118430050864
2021-04-13 01:00:00,7.857219162941629,8.049113023221125,9.616966740094794
2021-04-13 02:00:00,12.872475251636226,13.02995004206352,12.554593642092833
2021-04-13 03:00:00,20.54048211842738,20.750298385610463,23.7045531678822
2021-04-13 04:00:00,27.031687091515447,27.18708895446604,26.711512207921487
2021-04-13 05:00:00,24.535528505272996,24.529765523252784,22.636186917684583
2021-04-13 06:00:00,19.59253225553765,19.56466406368914,17.271580362647445
2021-04-13 07:00:00,15.572622117066697,15.761922843968913,15.68985583268316
2021-04-13 08:00:00,13.165649392669817,13.493102593271464,11.908320332205724
2021-04-13 09:00:00,15.132402484921656,15.35186170056044,13.466882503775505
2021-04-13 10:00:00,14.702996630154102,14.988223770255583,14.606676487373624
2021-04-13 11:00:00,15.377134162258963,15.646597517573452,15.72636394418048
2021-04-13 12:00:00,15.526432550610812,15.64026493776179,12.346060821355625
2021-04-13 13:00:00,13.764758725324102,13.872660226986463,10.679142940766177
2021-04-13 14:00:00,14.029682215132537,13.986829214205011,12.327442962938402
2021-04-13 15:00:00,9.884801683903149,10.24318296489555,9.779921211984751
2021-04-13 16:00:00,11.697015899697533,11.940875003703171,10.550713543073254
2021-04-13 17:00:00,21.17884677788044,21.176775402298023,19.888205702963525
2021-04-13 18:00:00,14.97878544842941,15.163227106460642,12.250878425336255
2021-04-13 19:00:00,9.961710175850442,10.17053234687186,9.088185624074333
2021-04-13 20:00:00,7.807076273383368,8.054616430202087,9.49710586539572
2021-04-13 21:00:00,4.622365351519356,5.030151261236736,7.718105415958048
2021-04-13 22:00:00,0.1884038896447961,0.732237458566228,1.4353586008728905
2021-04-13 23:00:00,2.920571453167953,3.443513448235992,2.5781974166609958
2021-04-14 00:00:00,6.284208106276222,6.511077124983734,6.612036880732196
2021-04-14 01:00:00,7.008614995353889,7.236051691946266,7.530282003594392
2021-04-14 02:00:00,13.73777368733189,13.884877599785565,12.297569326677868
2021-04-14 03:00:00,17.07928837564473,17.330588154722285,17.96367302651101
2021-04-14 04:00:00,12.31326655063522,12.632387359967698,12.1122162390509
2021-04-14 05:00:00,11.556051969838052,11.70585215742212,10.732118395327555
2021-04-14 06:00:00,13.568831741883857,13.6639036125292,15.608026925988083
2021-04-14 07:00:00,15.647746323552347,15.950320862981236,15.850589615557045
2021-04-14 08:00:00,17.709033673726484,18.439995571546905,17.96452970678139
2021-04-14 09:00:00,14.575814626397918,15.399453577963124,12.331496786196894
2021-04-14 10:00:00,8.164443928246376,9.239720762616283,8.797979690284727
2021-04-14 11:00:00,6.134173410562753,7.061181364861329,6.519004680857743
2021-04-14 12:00:00,6.291752241556244,7.139779021199173,6.34537195783859
2021-04-14 13:00:00,14.846949263598116,15.399842974373724,12.070537842859638
2021-04-14 14:00:00,16.80073395452807,17.1192015109184,17.254390062748005
2021-04-14 15:00:00,15.816550340138727,16.04167341644781,16.815081433811944
2021-04-14 16:00:00,16.771813254291413,16.90537101075698,17.489977472864606
2021-04-14 17:00:00,11.568612127809937,11.670302267747855,10.947932750596028
2021-04-14 18:00:00,14.861925571673954,14.870163521330356,12.31706946490937
2021-04-14 19:00:00,15.918633617072546,15.903827892243068,14.4981862924902
2021-04-14 20:00:00,14.66268668651698,14.726571986189706,14.227843948144043
2021-04-14 21:00:00,12.343274200348633,12.557034374946396,10.138034705661594
2021-04-14 22:00:00,3.591167694049719,4.005415896889263,4.378782064793687
2021-04-14 23:00:00,5.449689687823252,5.84083121561339,5.592169663668503
2021-04-15 00:00:00,5.35213259814887,5.488684661472956,5.192101956824424
2021-04-15 01:00:00,4.345942615835211,4.503804112991399,3.651619453936733
2021-04-15 02:00:00,3.295762520606208,3.4792151145558936,6.989247628174959
2021-04-15 03:00:00,17.01251130321304,17.16312324893355,18.79077093888669
2021-04-15 04:00:00,19.16052982971487,19.283409802731725,18.378594768008924
2021-04-15 05:00:00,21.06592093702406,21.15311930206693,18.82055500195114
2021-04-15 06:00:00,19.584118430071367,19.607728073391463,17.212271590333973
2021-04-15 07:00:00,19.907394738186653,20.12149086872864,20.85688396151841
2021-04-15 08:00:00,14.122632920134416,14.706288642304848,11.803177812720172
2021-04-15 09:00:00,9.258817001414524,9.955891533276985,10.50231708693562
2021-04-15 10:00:00,6.300292911991671,7.194935835594728,6.980905524409428
2021-04-15 11:00:00,9.503548678751832,10.250627350289994,6.310061441293445
2021-04-15 12:00:00,15.709869425561,16.292784797458555,12.225085235429583
2021-04-15 13:00:00,15.63705680139581,16.130369636009355,12.244699587327698
2021-04-15 14:00:00,13.256002179793487,13.554157270720223,11.721086739903196
2021-04-15 15:00:00,14.161010983820736,14.584213442941966,11.74187088445077
2021-04-15 16:00:00,15.082952053169892,15.300181461430851,13.054622602496304
2021-04-15 17:00:00,9.85470952452653,10.002313378750952,10.595118672616364
2021-04-15 18:00:00,14.013321404086213,14.0571021900555,11.183055117435323
2021-04-15 19:00:00,6.400350824420256,6.499624757300581,8.612201553460848
2021-04-15 20:00:00,2.5318143186697792,2.715719951633905,5.118425976920942
2021-04-15 21:00:00,2.7999500055344577,3.090031900333138,4.610187437342924
2021-04-15 22:00:00,0.1132796831591456,0.5438394395539017,1.4428082521156451
2021-04-15 23:00:00,1.98014881098664,2.400187871501622,2.630108028936268
2021-04-16 00:00:00,3.629882860811505,3.7997626592524583,3.484672544735982
2021-04-16 01:00:00,4.345942615835211,4.503804112991399,3.651619453936733
2021-04-16 02:00:00,6.723567727173014,6.815192892549702,4.778360567098762
2021-04-16 03:00:00,16.147212867517375,16.30819569121151,15.627582969751014
2021-04-16 04:00:00,29.569152460224707,29.605339835067028,29.782534271933383
2021-04-16 05:00:00,30.5175600400693,30.26186328536885,29.527325718469672
2021-04-16 06:00:00,29.05245180122453,28.758338283140567,30.741884863821152
2021-04-16 07:00:00,22.4783820259364,22.495479956372165,24.39147941930405
2021-04-16 08:00:00,14.131046745600695,14.663224632602526,12.521329715748571
2021-04-16 09:00:00,16.156296467642584,16.604518409530726,13.34158098382921
2021-04-16 10:00:00,17.49922315453616,18.05540116078792,17.227473910139246
2021-04-16 11:00:00,18.131558324958892,18.673106464913744,16.67712968140911
2021-04-16 12:00:00,14.786207742899927,15.227328324245454,11.831232418220756
2021-04-16 13:00:00,8.639611800757176,9.038554032294762,6.530495239601846
2021-04-16 14:00:00,13.189291798774118,13.322695242005574,11.633876108662776
2021-04-16 15:00:00,11.473430584964811,11.661172278464491,10.584775304355311
2021-04-16 16:00:00,11.563461754834153,11.605945192125702,10.566213430468158
2021-04-16 17:00:00,12.417349678222312,12.355369353170888,11.24605308294542
2021-04-16 18:00:00,6.233982616879208,6.383687283780693,5.738013411693694
2021-04-16 19:00:00,1.225254478354202,1.4119256374155005,3.335386457192055
2021-04-16 20:00:00,4.262411190061105,4.425575067077993,5.568593857495849
2021-04-16 21:00:00,1.0693531341431322,1.3801767848890498,3.122227649697335
2021-04-16 22:00:00,0.1132796831591456,0.5438394395539017,1.4428082521156451
2021-04-16 23:00:00,1.98014881098664,2.400187871501622,2.630108028936268
2021-04-17 00:00:00,3.613188592703583,3.7578964328052753,3.492207666064206
2021-04-17 01:00:00,3.472297046085587,3.627943442045763,3.588055756192842
2021-04-17 02:00:00,5.018012257943572,5.168137116776389,5.33683864214348
2021-04-17 03:00:00,14.416615996126051,14.59834057576742,16.99032199221742
2021-04-17 04:00:00,15.716030355040145,15.90556579829073,12.924140728349505
2021-04-17 05:00:00,14.950401948776694,15.022094605447478,11.675237941558208
2021-04-17 06:00:00,13.476946575877962,13.497636489995608,15.655037682244355
2021-04-17 07:00:00,17.319846565153625,17.5776413087861,16.125726441770965
2021-04-17 08:00:00,17.58382666291707,18.125998873193023,17.941106547540734
2021-04-17 09:00:00,13.485210262657622,13.915334840278186,11.862305684230764
2021-04-17 10:00:00,9.60295779916138,10.152919792308744,9.58021727663905
2021-04-17 11:00:00,11.83240238752438,12.081553277375273,10.98013719244496
2021-04-17 12:00:00,13.753966626125042,13.953738502051577,10.993947881429587
2021-04-17 13:00:00,21.418757118897048,21.36007268075922,19.376263075402488
2021-04-17 14:00:00,19.95308373731416,19.764386552533683,19.30762181032615
2021-04-17 15:00:00,7.021664704264763,7.13653491442631,7.576925744341193
2021-04-17 16:00:00,3.617046903723287,3.641862267230891,6.160194692549187
2021-04-17 17:00:00,6.218225966610694,6.1430077701673484,6.708637452867501
2021-04-17 18:00:00,5.226782902266206,5.172896801257589,6.013716796849183
2021-04-17 19:00:00,1.0666589313289394,1.014196486167256,4.273526016200741
2021-04-17 20:00:00,5.876148184696973,5.842366597391795,7.832577094549997
2021-04-17 21:00:00,1.8344859611912607,1.983906983927992,4.250985692292703
2021-04-17 22:00:00,0.00476694045765,0.271708967647208,1.7251116819711187
2021-04-17 23:00:00,0.99799049853552,1.252196728649292,2.9611581944536427
2021-04-18 00:00:00,3.4879815818941653,3.443899734451398,4.649875257451535
2021-04-18 01:00:00,6.758200973735053,6.608058295238512,6.075768168213789
2021-04-18 02:00:00,10.059554459146248,9.920906425084002,9.194889066443515
2021-04-18 03:00:00,12.544117845817384,12.532622535522272,14.9380038417135
2021-04-18 04:00:00,8.6517415905575,8.710282411713319,5.826572353331093
2021-04-18 05:00:00,9.591868727760453,9.28187562586563,9.779837253256645
2021-04-18 06:00:00,5.505823779666811,5.150768610800444,7.050358790908894
2021-04-18 07:00:00,3.2248576466411443,3.0788156197478926,4.856050968057947
2021-04-18 08:00:00,4.370763756795849,4.587964091249964,5.215082967772536
2021-04-18 09:00:00,5.564036887945598,5.822059886276406,5.755338421395116
2021-04-18 10:00:00,13.85432577115404,14.23915956190664,14.463837335500152
2021-04-18 11:00:00,16.200630236272502,16.460856632103454,14.744484714715623
2021-04-18 12:00:00,24.994499156114696,25.04686363921456,22.68328553824829
2021-04-18 13:00:00,20.57850008536327,20.567944462707956,18.925224047058958
2021-04-18 14:00:00,17.315452759957367,17.094938313249592,18.5149658344509
2021-04-18 15:00:00,10.424428508669685,10.409713352749344,9.952998919667458
2021-04-18 16:00:00,5.314255238898767,5.267984929780612,6.778789137359484
2021-04-18 17:00:00,10.477941072657318,10.250180652988831,11.561961287080992
2021-04-18 18:00:00,19.819996432337017,19.41360169740205,17.29300811358177
2021-04-18 19:00:00,12.198678718617098,11.835191151423544,13.462100382138928
2021-04-18 20:00:00,8.32179507881266,8.030353232533276,10.690257405565802
2021-04-18 21:00:00,8.581583631623378,8.383732068008916,12.723787707580998
2021-04-18 22:00:00,0.7198169631820113,0.7498404873445994,2.2669163116660798
2021-04-18 23:00:00,0.8644363536721409,0.9172669170718232,4.255607417019794
2021-04-19 00:00:00,2.5058232694430456,2.295908591599068,5.330960198051115
2021-04-19 01:00:00,5.826125465607701,5.585665831727733,5.950674021915151
2021-04-19 02:00:00,21.22496278265025,20.82563354323466,19.603230218602448
2021-04-19 03:00:00,31.497212090582355,31.131697673171324,22.929767117607543
2021-04-19 04:00:00,32.79662644949644,32.43892289569463,29.663092033460245
2021-04-19 05:00:00,32.05603944539488,31.618251042522157,30.673875807724208
2021-04-19 06:00:00,30.607625474658036,30.156592266741058,32.93996294994615
2021-04-19 07:00:00,29.25873484975972,29.10703173919929,30.185451319035355
2021-04-19 08:00:00,26.926886331848493,27.026609507514166,27.03164365987229
2021-04-19 09:00:00,24.617296741358103,24.67233238260856,26.146285347366334
2021-04-19 10:00:00,20.785127082185625,21.03551601398067,19.66976900311501
2021-04-19 11:00:00,17.989657046041554,18.317243540112685,17.042240279915525
2021-04-19 12:00:00,19.079311385162395,19.418233659961302,17.387230852624313
2021-04-19 13:00:00,23.33299093947552,23.530456287122327,23.22695881397333
2021-04-19 14:00:00,24.42147719470981,24.39488726594496,22.53533285700056
2021-04-19 15:00:00,23.56250059112989,23.631355869828248,26.407680892047328
2021-04-19 16:00:00,26.22331897451201,26.142109239910727,25.98634400530412
2021-04-19 17:00:00,31.378657674216605,31.10337184989536,30.800325230709497
2021-04-19 18:00:00,28.606534934157025,28.29780708619996,27.12273867299053
2021-04-19 19:00:00,12.323885729426516,12.14918784977742,13.294600321793178
2021-04-19 20:00:00,4.977461212785466,4.903706586775384,7.543526093381708
2021-04-19 21:00:00,0.8940633190099472,0.9405814071936216,4.236354385445645
2021-04-19 22:00:00,0.7782469015597395,0.8963722799097422,1.7794890755631907
2021-04-19 23:00:00,2.628421761279311,2.7108544854102785,3.4941529645842304
2021-04-20 00:00:00,3.404510241354553,3.23456860221548,4.574576920829964
2021-04-20 01:00:00,5.876208269931468,5.711264511069284,5.640880141810507
2021-04-20 02:00:00,6.564972180147751,6.417463741301458,10.515023665880117
2021-04-20 03:00:00,15.089930348580609,14.971806529346852,14.595790942230568
2021-04-20 04:00:00,31.107765248374925,30.833733346368504,29.201943162438777
2021-04-20 05:00:00,32.11440269236029,31.82877995801321,30.92078075578386
2021-04-20 06:00:00,29.775648883765896,29.449394284839297,30.282361612940107
2021-04-20 07:00:00,30.09892519188118,29.96315708017647,32.97504317807492
2021-04-20 08:00:00,27.733621446341783,27.8629995185229,29.095029664796037
2021-04-20 09:00:00,27.16297586129668,27.23951062228497,28.825012235980605
2021-04-20 10:00:00,19.004314023645893,19.32805646504686,18.578554929387977
2021-04-20 11:00:00,19.603327349265104,19.798032193352405,19.54698950195747
2021-04-20 12:00:00,22.356801487345585,22.441412522856385,21.02946826742552
2021-04-20 13:00:00,25.74518260596304,25.69870759229536,26.2033735675902
2021-04-20 14:00:00,23.397516520576566,23.20622767990059,20.200151607230744
2021-04-20 15:00:00,19.976033146125506,19.961646063512116,18.71245769403281
2021-04-20 16:00:00,24.37586222636524,24.139190539336354,27.78068874577526
2021-04-20 17:00:00,23.499153278362066,23.178759584937456,21.736106876555795
2021-04-20 18:00:00,18.13113523121549,17.808412148075924,18.695895092414982
2021-04-20 19:00:00,13.987705528386154,13.691578059432777,15.147018790839114
2021-04-20 20:00:00,2.3314831013747104,2.213325234267701,5.67360225825568
2021-04-20 21:00:00,1.7259732184897651,1.7117765120212989,4.357274477629217
2021-04-20 22:00:00,-0.952349969831586,-0.8134828355343457,1.4971115736837493
2021-04-20 23:00:00,0.9145191579959082,1.0428655964133742,3.774621484555775
2021-04-21 00:00:00,3.4212045094624752,3.2764348286626634,4.497857344110386
2021-04-21 01:00:00,5.901249672093352,5.774063850740059,5.632361623291988
2021-04-21 02:00:00,10.92485289484191,10.775833982806049,9.894239822200898
2021-04-21 03:00:00,22.944393342273266,22.833619454633983,27.169674608967924
2021-04-21 04:00:00,20.765919690296776,20.67926821982193,17.746076313064815
2021-04-21 05:00:00,20.890631121890877,20.7135239243715,18.639633066737517
2021-04-21 06:00:00,16.804586173797233,16.58241690930631,17.09721296928605
2021-04-21 07:00:00,16.245869778108933,16.199385920474256,16.150837233123152
2021-04-21 08:00:00,12.166663429286135,12.43123946982378,13.746656345832138
2021-04-21 09:00:00,10.739066542599334,10.9737561290874,11.75285503822871
2021-04-21 10:00:00,7.747153916960635,8.12906797851078,8.627585671754158
2021-04-21 11:00:00,11.807360985362497,12.018753937704496,11.256344693864309
2021-04-21 12:00:00,14.560835123442976,14.662134267208474,13.898753666720134
2021-04-21 13:00:00,13.672806867905887,13.770390227378783,13.339607359021048
2021-04-21 14:00:00,23.44766601631265,23.267829236316224,21.347294149662467
2021-04-21 15:00:00,34.76129745084974,34.619815440873275,35.48069105187233
2021-04-21 16:00:00,30.56657211251057,30.394616132042216,29.631486938121785
2021-04-21 17:00:00,35.78868788464685,35.52334364781559,37.13495171435156
2021-04-21 18:00:00,21.817701593455094,21.79331643600108,20.339160473037957
2021-04-21 19:00:00,15.926980751126507,15.924761005466658,14.579482985839595
2021-04-21 20:00:00,17.250234859550005,17.270421546132248,14.36125014296663
2021-04-21 21:00:00,15.771079406915437,15.893012152940209,14.36196035854294
2021-04-21 22:00:00,14.823353089985414,15.077607920828653,14.1301323353745
2021-04-21 23:00:00,4.584391252127589,4.985903657891345,5.029086935720958
2021-04-22 00:00:00,3.613188592703583,3.7578964328052753,3.492207666064206
2021-04-22 01:00:00,15.594822279878828,15.617862363377972,16.203745823879295
2021-04-22 02:00:00,16.266891921987188,16.282195367162963,16.583359895107545
2021-04-22 03:00:00,21.35569774979928,21.47962726399096,27.024536618575144
2021-04-22 04:00:00,18.32027279618109,18.49128158468045,18.79099981238464
2021-04-22 05:00:00,17.58796623472117,17.755539967657484,17.335086709771378
2021-04-22 06:00:00,15.240865292072815,15.355221181259978,16.516217738878908
2021-04-22 07:00:00,10.322268181690353,10.613819950923334,10.705521172557289
2021-04-22 08:00:00,5.411151933387739,6.074478395445181,5.543043716885208
2021-04-22 09:00:00,5.6974576499843375,6.284983943705706,5.637501492199098
2021-04-22 10:00:00,4.452836163844888,5.192017135020354,8.529499149347156
2021-04-22 11:00:00,7.66443906465901,8.268641762939215,6.621917628975368
2021-04-22 12:00:00,11.249823102219308,11.683217197270864,9.12061928156816
2021-04-22 13:00:00,7.715816735271465,8.101091804933489,6.6692178172538
2021-04-22 14:00:00,6.191713415310845,6.3588738841428105,6.072465274007281
2021-04-22 15:00:00,3.602139940339598,3.885487372582008,6.851091836227311
2021-04-22 16:00:00,3.6921044187966174,3.894257409169133,6.187251949355498
2021-04-22 17:00:00,5.41129077788044,5.498609127936362,6.792436721531028
2021-04-22 18:00:00,6.10042847201583,6.048757472203224,6.126173892022928
2021-04-22 19:00:00,0.2597904340110051,0.3058007210103546,4.274739829843148
2021-04-22 20:00:00,3.3386828159877133,3.424115716790806,5.663540592362512
2021-04-22 21:00:00,1.0025760617114428,1.2127118791003153,4.042568424831972
2021-04-22 22:00:00,0.92014818047708,1.252235204710803,1.723558909616783
2021-04-22 23:00:00,1.9217188726089112,2.253656078936479,2.5764414271951592
2021-04-23 00:00:00,3.571452922433777,3.653230866687316,3.391308673690633
2021-04-23 01:00:00,6.018109548848809,6.067127435870344,6.377217119115141
2021-04-23 02:00:00,13.620913810576432,13.59181401465528,12.064407890952689
2021-04-23 03:00:00,28.22800243104081,28.19344904642576,23.175140903429146
2021-04-23 04:00:00,23.470327740085263,23.516181364894763,22.98166191585992
2021-04-23 05:00:00,23.60338630573332,23.57137018266792,21.485047630522704
2021-04-23 06:00:00,16.946487452714575,16.938279834107373,17.09805914919191
2021-04-23 07:00:00,11.254410381230024,11.572215291508195,11.144467986924692
2021-04-23 08:00:00,8.955883708122322,9.63952263564336,9.403155488013372
2021-04-23 09:00:00,10.956092028002324,11.518017072900788,10.51981985532609
2021-04-23 10:00:00,7.98922080452551,8.736128261994942,7.5326756193121565
2021-04-23 11:00:00,12.914726308623036,13.480741778910703,10.879332904808884
2021-04-23 12:00:00,20.80990825655372,21.128088775405395,18.121235023691654
2021-04-23 13:00:00,17.259207621497957,17.504097156620837,13.729862784785228
2021-04-23 14:00:00,15.73503761012502,15.82587635875607,16.67349239834698
2021-04-23 15:00:00,13.145464135153771,13.352489847195269,11.331488170122586
2021-04-23 16:00:00,10.639533306523804,10.79647721061626,9.115646335706527
2021-04-23 17:00:00,15.8366076764982,15.862405386718848,12.702237404608342
2021-04-23 18:00:00,12.24098886242508,12.24258150849345,10.973929905314318
2021-04-23 19:00:00,0.2931789702268499,0.3895331739047218,4.19574188880214
2021-04-23 20:00:00,5.942925257128663,6.009831503180529,8.604158336729057
2021-04-23 21:00:00,1.9012630336229503,2.1513718897167267,3.91227090813642
2021-04-23 22:00:00,0.0798911469433005,0.4601069866595342,1.410091396457111
2021-04-23 23:00:00,1.955107408824756,2.3373885318308463,2.5766320885904657
2021-04-24 00:00:00,6.192389631682649,6.280812879524224,5.178574830467712
2021-04-24 01:00:00,11.234941565184668,11.259492121873386,10.392745705351796
2021-04-24 02:00:00,5.858269291477352,5.960265334827659,4.677666470212799
2021-04-24 03:00:00,10.93872798523548,11.136764118432062,13.835335605036327
2021-04-24 04:00:00,8.743560065151073,8.940546657172828,5.611834166366291
2021-04-24 05:00:00,20.08376262457294,20.005128159214603,17.924435458586206
2021-04-24 06:00:00,16.05614761485703,16.020552936714555,16.68664898216596
2021-04-24 07:00:00,17.20298668839817,17.284577723655815,16.012180677241027
2021-04-24 08:00:00,15.77810558504009,16.22774573873661,16.641029340605588
2021-04-24 09:00:00,14.342094872887005,14.813326407702553,12.068310545084836
2021-04-24 10:00:00,13.97111895649718,14.59622026996284,11.6931598584944
2021-04-24 11:00:00,19.728534360074523,20.11202889170628,17.988798971294194
2021-04-24 12:00:00,25.094598073349907,25.362058120823573,22.68127024119326
2021-04-24 13:00:00,23.299535711847355,23.510720957153875,23.30780085912547
2021-04-24 14:00:00,9.652907158093498,9.778584115030988,9.24888257613239
2021-04-24 15:00:00,7.9536735209797955,8.222924500863003,8.999730553390233
2021-04-24 16:00:00,13.243842439077072,13.31819587408007,11.513156980481345
2021-04-24 17:00:00,16.6769314014443,16.590536481844204,16.884464473372496
2021-04-24 18:00:00,12.207600326209237,12.158849055599084,10.745685611194505
2021-04-24 19:00:00,9.8198088969331,9.814669422070798,8.623233148582177
2021-04-24 20:00:00,4.203981251683376,4.27904327451285,6.065464584699833
2021-04-24 21:00:00,6.1776724077774965,6.300410998985396,7.92062312030565
2021-04-24 22:00:00,1.7854466161727427,2.107162762432847,4.047702235205519
2021-04-24 23:00:00,1.0480733028592872,1.377795407990843,3.035840770271968
2021-04-25 00:00:00,7.015952397108506,7.031074871128309,5.877378422850703
2021-04-25 01:00:00,6.001415280740886,6.025261209423161,6.566225879293513
2021-04-25 02:00:00,4.93454091740396,4.958805984540472,8.658914879933409
2021-04-25 03:00:00,16.038700124815882,16.036065219304817,16.12244821983556
2021-04-25 04:00:00,15.599170478284686,15.612502213160443,12.454616715107049
2021-04-25 05:00:00,14.85858347418312,14.791830359987967,11.522207629069964
2021-04-25 06:00:00,10.7892327941974,10.702589571369964,10.645419747839345
2021-04-25 07:00:00,10.280599202832867,10.44515726187946,10.663760199295956
2021-04-25 08:00:00,13.207251680114984,13.725762405241252,11.564350044743875
2021-04-25 09:00:00,21.33967325635028,21.77714776556532,20.268840708385664
2021-04-25 10:00:00,18.322719228549698,18.86966027531792,18.110938594998384
2021-04-25 11:00:00,24.962127335930624,25.282262681230588,22.936703869686283
2021-04-25 12:00:00,30.294802512990174,30.448559457453516,28.772120692663908
2021-04-25 13:00:00,32.83457946401989,32.89279319561763,31.34065544624085
2021-04-25 14:00:00,35.68705112686135,35.55081174277873,35.47485839449241
2021-04-25 15:00:00,36.60875419899652,36.62273414144765,36.73263335408331
2021-04-25 16:00:00,39.261292139736994,39.048557275380624,43.29433001590942
2021-04-25 17:00:00,43.54298526969197,43.13395921441962,41.23478131222256
2021-04-25 18:00:00,31.277554447729663,31.05098777837842,32.60457821853826
2021-04-25 19:00:00,26.27717344325861,26.100159245236824,25.98411921647707
2021-04-25 20:00:00,20.66134579800889,20.564533097678872,19.3700391278338
2021-04-25 21:00:00,14.80561536257224,14.786887236535064,11.300320171857722
2021-04-25 22:00:00,8.657751297414276,8.820984544867649,8.357667978254767
2021-04-25 23:00:00,13.095474330166876,13.179316310310725,11.028037722936697
2021-04-26 00:00:00,12.981222972384574,12.785303529723109,10.6568184861783
2021-04-26 01:00:00,17.2085592745147,17.034653893691775,16.26107375601989
2021-04-26 02:00:00,12.655449766233236,12.485689098250134,11.624032093157023
2021-04-26 03:00:00,16.005311588600037,15.952332766410448,15.194484105760331
2021-04-26 04:00:00,22.504863695742067,22.410056448489616,20.824824762916453
2021-04-26 05:00:00,21.77255713428214,21.67431483146664,20.155073159925184
2021-04-26 06:00:00,19.46719186190359,19.37866161118709,16.8919727962924
2021-04-26 07:00:00,16.295885891020383,16.388981722741725,16.008471357079483
2021-04-26 08:00:00,19.25592690451834,19.753319318997885,18.738420968078877
2021-04-26 09:00:00,18.73536412379701,19.25542910210151,18.10969830573116
2021-04-26 10:00:00,19.196298106887,19.80951806918947,18.091954810148888
2021-04-26 11:00:00,16.300729153507717,16.77605111371247,15.291971486572589
2021-04-26 12:00:00,20.676287420278022,20.857156086753843,18.547780620644694
2021-04-26 13:00:00,17.108892517114338,17.191298241522098,14.708581324171764
2021-04-26 14:00:00,10.409692851087664,10.361381200846338,10.443686089191493
2021-04-26 15:00:00,7.828466510170378,7.908927802509126,10.673682630472609
2021-04-26 16:00:00,6.171206540540469,6.101979374279064,6.957935985361526
2021-04-26 17:00:00,12.225232212156566,12.001901994880106,12.021925210944302
2021-04-26 18:00:00,12.93099748298756,12.657913688520066,12.900165344614356
2021-04-26 19:00:00,3.5707357638223547,3.348714913873879,6.060281707338218
2021-04-26 20:00:00,12.664981525398897,12.34685724759068,14.075604916991988
2021-04-26 21:00:00,6.010729726698273,5.88174873451356,8.156351416639689
2021-04-26 22:00:00,6.751864610889768,6.671534051728133,8.57461410253094
2021-04-26 23:00:00,6.929872537595741,6.9226929343497225,8.564689783793995
2021-04-27 00:00:00,10.276814922596088,9.94839038465028,9.674956384060042
2021-04-27 01:00:00,10.135923375978091,9.81843739389077,9.65392191387391
2021-04-27 02:00:00,9.085743280749089,8.793848395455264,8.903061426350675
2021-04-27 03:00:00,27.16237277805008,26.83612677133751,24.522457672861147
2021-04-27 04:00:00,26.706148863410963,26.37069753874596,24.16667128525996
2021-04-27 05:00:00,27.704572556167,27.21681679131524,26.70619055029079
2021-04-27 06:00:00,25.37416588162657,24.85836423136492,26.70319803268169
2021-04-27 07:00:00,24.840490888100152,24.53813258220364,25.94837795730276
2021-04-27 08:00:00,24.2892553544917,24.35716126823008,25.65196930789319
2021-04-27 09:00:00,26.34782692133711,26.446184620978563,26.177999869804868
2021-04-27 10:00:00,20.785060390773303,21.099513136906584,19.851096043107017
2021-04-27 11:00:00,12.731089359435888,13.020213287991686,10.703028904897934
2021-04-27 12:00:00,12.997247624543194,13.306944293310307,9.46253494298719
2021-04-27 13:00:00,19.065128773611896,19.210358922299505,17.338984286798066
2021-04-27 14:00:00,16.7425040903873,16.780678349575517,16.997286923661786
2021-04-27 15:00:00,18.46272852578645,18.54006340017775,18.284636974507837
2021-04-27 16:00:00,21.95545680864839,21.822011875087902,21.27904553737944
2021-04-27 17:00:00,19.33980385519994,19.130792692021323,18.054983954146596
2021-04-27 18:00:00,14.878619839781877,14.912029747777542,12.132683514033678
2021-04-27 19:00:00,5.526705254670633,5.623764086354945,8.587877222047487
2021-04-27 20:00:00,0.7845231791705312,0.9639986097426326,3.25334784012026
2021-04-27 21:00:00,6.219408078047303,6.405076565103355,7.662567815020751
2021-04-27 22:00:00,6.120285928705018,6.402733664266659,5.508995201344268
2021-04-27 23:00:00,1.9384131407168337,2.2955223053836624,2.5833126801856934
2021-04-28 00:00:00,7.040993799270389,7.093874210799084,5.724242496677236
2021-04-28 01:00:00,14.654399637697514,14.5745367866436,11.984712972492428
2021-04-28 02:00:00,13.629260944630394,13.612747127878873,12.08352623253518
2021-04-28 03:00:00,15.231831627497948,15.327669454147914,17.964506222064703
2021-04-28 04:00:00,19.127141293499022,19.19967734983736,18.388668912362004
2021-04-28 05:00:00,23.536875998950908,23.14791678517552,21.215968193371666
2021-04-28 06:00:00,20.37455942493066,20.018269120397523,18.39784212818256
2021-04-28 07:00:00,20.76461280547763,20.69949682152343,20.4903140946774
2021-04-28 08:00:00,24.573257986563338,24.87689574905445,23.866961764359083
2021-04-28 09:00:00,26.623549110767105,26.880988865653432,25.71437641004917
2021-04-28 10:00:00,28.865096078159876,29.334528750452947,28.422494048886342
2021-04-28 11:00:00,28.59046383402946,28.92864380781285,28.15297933690539
2021-04-28 12:00:00,23.556252050848972,23.877676117818435,21.88940143782407
2021-04-28 13:00:00,25.222383432129067,25.44604918503692,23.322309339263853
2021-04-28 14:00:00,24.546884279756192,24.51689259552109,23.426042016783438
2021-04-28 15:00:00,28.04778839087043,28.11173144090897,28.758874003499432
2021-04-28 16:00:00,35.05179322083879,34.938988826048856,38.66002565392488
2021-04-28 17:00:00,36.73759104370677,36.45960809192172,38.809150635737424
2021-04-28 18:00:00,34.01535103373399,33.971633376345615,34.896689211355145
2021-04-28 19:00:00,30.72052549849239,30.66786061897733,31.34731028252356
2021-04-28 20:00:00,29.431190031720977,29.4068722600296,32.48773699954619
2021-04-28 21:00:00,28.82568014883603,28.9053235377832,31.367700151680054
2021-04-28 22:00:00,33.06139731202602,33.19855153878031,36.763054219362864
2021-04-28 23:00:00,36.65886331124484,36.76475508617212,41.2170107317892
2021-04-29 00:00:00,36.56130622157046,36.41260853203168,37.99600463358703
2021-04-29 01:00:00,35.56346337331075,35.44866109677372,37.6395121550922
2021-04-29 02:00:00,34.52163041213572,34.44500521156181,34.70944022790307
2021-04-29 03:00:00,38.72844353614423,38.74564332422057,33.366041096192724
2021-04-29 04:00:00,35.68467144847207,35.73636453168648,33.494825123253385
2021-04-29 05:00:00,34.877507446175784,34.55623640394752,33.90542010960654
2021-04-29 06:00:00,30.808156766190063,30.46699561532952,31.979583247677315
2021-04-29 07:00:00,31.173168744575158,31.08542397678465,32.71539002523746
2021-04-29 08:00:00,30.621999902379013,30.84045553988517,31.403068529337865
2021-04-29 09:00:00,34.436209742777635,34.70213334774852,33.3845932944184
2021-04-29 10:00:00,35.795764006366824,36.25887944837881,36.18515205458909
2021-04-29 11:00:00,35.512784628182445,35.83206139251513,34.15001884985676
2021-04-29 12:00:00,35.65366919106802,35.86879282240579,34.72446803681195
2021-04-29 13:00:00,34.67382246093736,34.74678453711658,33.420798717880544
2021-04-29 14:00:00,32.28435401386875,32.21363618152977,32.84098246986217
2021-04-29 15:00:00,25.334899824203344,25.381879428464384,26.32025652628558
2021-04-29 16:00:00,20.96481797931867,20.78108186486381,21.82894759662997
2021-04-29 17:00:00,19.21446346156588,18.94479023951928,17.91516437352566
2021-04-29 18:00:00,21.7091888507536,21.521185964094386,19.54633607475964
2021-04-29 19:00:00,8.97120472934536,9.001608090795937,7.242256961713013
2021-04-29 20:00:00,0.7928703132244923,0.9849317229662244,3.3425135115025486
2021-04-29 21:00:00,-0.6695908713021543,-0.35061144377863,4.64792804182739
2021-04-29 22:00:00,0.1049325491051842,0.5229063263303098,1.4428082521156451
2021-04-29 23:00:00,1.9467602747707948,2.316455418607254,2.7549168001268107
2021-04-30 00:00:00,4.461792760291323,4.570957764080136,3.491664741245631
2021-04-30 01:00:00,4.295859811511444,4.378205433649848,3.5776550233180404
2021-04-30 02:00:00,4.102631017924143,4.187610879712795,4.471505571755703
2021-04-30 03:00:00,16.088782929139647,16.161663898646367,20.339104161582664
2021-04-30 04:00:00,20.832696762728467,20.846733125610672,18.303485725866192
2021-04-30 05:00:00,20.117084469376465,20.152857735034885,18.008420730568744
2021-04-30 06:00:00,17.74494212456623,17.689739608966597,17.608468367859434
2021-04-30 07:00:00,11.98608798064999,12.156210160578688,10.77489826616141
2021-04-30 08:00:00,4.462382157152464,5.010219705487218,5.795146466754922
2021-04-30 09:00:00,11.63768682309852,11.976413262629729,11.183739968072109
2021-04-30 10:00:00,19.886306727449472,20.22485024921609,19.152437494749943
2021-04-30 11:00:00,18.687946109245672,18.817505956288805,19.115145559008205
2021-04-30 12:00:00,24.96945775395281,24.984064299543785,22.823149958826374
2021-04-30 13:00:00,30.978842273231464,30.804944258893748,30.626375320076907
2021-04-30 14:00:00,31.201963401357776,30.878444802920253,32.83805893127845
2021-04-30 15:00:00,24.310939150070094,24.193219842420007,26.28697066004024
2021-04-30 16:00:00,33.028846583321865,32.6884661165568,32.523347148107334
2021-04-30 17:00:00,30.44658216608925,30.080979386384584,30.18626677299122
2021-04-30 18:00:00,20.77711334262625,20.49879350058361,20.415039365749976
2021-04-30 19:00:00,8.845997718535942,8.687611392442061,6.386484642813971
2021-04-30 20:00:00,5.892842452804896,5.884232823838978,7.966296574632848
2021-04-30 21:00:00,4.430381268278249,4.548689657094124,7.49338169847522
2021-04-30 22:00:00,0.0214612085655723,0.3135751940943918,1.775886618426637
2021-04-30 23:00:00,1.031379034751365,1.3359291815436594,3.365004071988011
2021-05-01 00:00:00,4.378321419751711,4.361626631844217,4.439168672085559
2021-05-01 01:00:00,3.3721314374380524,3.376746083362661,4.404422472656544
2021-05-01 02:00:00,4.027506811438491,3.9992128607004687,10.080254128895426
2021-05-01 03:00:00,22.08744204063156,21.99962501013553,25.35593915354946
2021-05-01 04:00:00,25.957710304470755,25.8088335661542,24.74443114510068
2021-05-01 05:00:00,25.217123300369188,24.98816171298172,24.99829585816456
2021-05-01 06:00:00,21.17281402254536,20.96172026403449,21.513463237141845
2021-05-01 07:00:00,21.479396062552716,21.43361683292448,22.07939155575841
2021-05-01 08:00:00,20.894771992728412,21.16891306605655,21.50844095902592
2021-05-01 09:00:00,21.130994905001245,21.253819934975525,20.254743261246624
2021-05-01 10:00:00,13.812590100884236,14.13449399578868,13.50772407651288
2021-05-01 11:00:00,20.43530394015724,20.50523017525416,19.394607396642115
2021-05-01 12:00:00,19.869485614372408,20.084763198671027,18.174101202707423
2021-05-01 13:00:00,19.746656877295774,19.73275223495436,17.93352515991731
2021-05-01 14:00:00,21.683680608705483,21.47424166797777,21.55436201201894
2021-05-01 15:00:00,11.339809748689117,11.39023958981294,11.38859784950827
2021-05-01 16:00:00,10.572822925504434,10.565015181901613,9.0296102616221
2021-05-01 17:00:00,13.132266318122037,12.961495118720109,11.64379309675619
2021-05-01 18:00:00,21.642411778321915,21.35372105830565,20.468870791756
2021-05-01 19:00:00,16.658725041958792,16.444758751611236,15.00656140398798
2021-05-01 20:00:00,12.823577072424158,12.744586398838925,14.27720812056025
2021-05-01 21:00:00,0.9942289276574816,1.1917787658767236,4.0175770141262745
2021-05-01 22:00:00,0.92014818047708,1.252235204710803,1.723558909616783
2021-05-01 23:00:00,3.702398548324004,4.089109873722117,4.96010412281521
2021-05-02 00:00:00,2.739543022953959,2.8820357618596395,3.5367296111865176
2021-05-02 01:00:00,7.72366501807825,7.7141832116436575,9.116195402594856
2021-05-02 02:00:00,8.362346123970767,8.29478376253428,9.244633424928264
2021-05-02 03:00:00,22.11248344279344,22.062424349806307,22.62359040494685
2021-05-02 04:00:00,26.02448737690245,25.976298471942936,25.8503276424975
2021-05-02 05:00:00,23.453337966998976,23.00258277586552,21.580594154666517
2021-05-02 06:00:00,17.670084683729854,17.24535309825061,17.34372469525042
2021-05-02 07:00:00,18.867006561594764,18.63497656453342,18.274028328949072
2021-05-02 08:00:00,16.64340402073575,17.082673296458655,16.900668882020977
2021-05-02 09:00:00,17.77831390492009,18.10624017599404,17.713367868907262
2021-05-02 10:00:00,17.307172379882733,17.637936679571222,18.854645764264976
2021-05-02 11:00:00,21.350685180176672,21.48575641231776,19.59201461517088
2021-05-02 12:00:00,23.288943686885258,23.399807863441243,22.18073717633483
2021-05-02 13:00:00,18.906399843761992,18.94062401690309,17.28752993999475
2021-05-02 14:00:00,16.54203949026759,16.40627787806114,16.90733692292706
2021-05-02 15:00:00,17.488783964564647,17.540999616400843,17.81318661561012
2021-05-02 16:00:00,11.54676748672623,11.56407896567852,10.584842764991212
2021-05-02 17:00:00,16.71045332048478,16.54627468888674,17.40059809055546
2021-05-02 18:00:00,17.424432342545096,17.351213741602123,18.54719622276074
2021-05-02 19:00:00,15.860203678694818,15.757296099677925,14.389065579532929
2021-05-02 20:00:00,8.513779162053767,8.511814836675887,9.417360538396672
2021-05-02 21:00:00,7.908269279168822,8.010266114429484,10.091627037611929
2021-05-02 22:00:00,3.491002085402185,3.75421853820616,3.789587332740269
2021-05-02 23:00:00,16.590056609165373,16.68275899409327,16.508747021875887
2021-05-03 00:00:00,14.761902648099666,14.620757324508746,12.021212140447403
2021-05-03 01:00:00,21.55174572110093,21.35115790874918,19.393542121331297
2021-05-03 02:00:00,23.080766664850994,22.849485357032627,19.332943614767927
2021-05-03 03:00:00,28.15287822455516,28.005051027413437,23.513673736851302
2021-05-03 04:00:00,24.24380770118735,24.140844677157297,23.14539688869129
2021-05-03 05:00:00,24.3351305965656,24.091367928812492,22.680139907506497
2021-05-03 06:00:00,22.021418190133097,21.77478159530935,22.12692306402069
2021-05-03 07:00:00,18.026549453824025,18.0348397152599,17.699640959890473
2021-05-03 08:00:00,11.401530602238008,11.82750927078484,10.961126877205665
2021-05-03 09:00:00,13.501837839353223,14.021198189651283,11.884802301473028
2021-05-03 10:00:00,21.800540548027943,22.395233855579196,21.857362905564155
2021-05-03 11:00:00,22.37451247148528,22.802410244213963,20.283331125597723
2021-05-03 12:00:00,23.38069547006651,23.694069231826667,22.63861403377305
2021-05-03 13:00:00,23.30788284590132,23.531654070377467,23.30780085912547
2021-05-03 14:00:00,20.918481090245034,20.93450859186474,22.169662817444152
2021-05-03 15:00:00,23.520764920860085,23.52669030371029,26.21221595456619
2021-05-03 16:00:00,29.667818449186743,29.51995324435172,28.47623589364444
2021-05-03 17:00:00,40.8969404668689,40.50757498483785,42.32951749106594
2021-05-03 18:00:00,45.09728801669839,44.66702936226035,41.54264632712205
2021-05-03 19:00:00,40.92881691170716,40.48739593394643,39.29567873148689
2021-05-03 20:00:00,24.93775517216344,24.713572206947543,24.065147748649
2021-05-03 21:00:00,18.28350337346281,18.248463693870423,18.19733028155464
2021-05-03 22:00:00,6.960542962238797,7.194861882317929,6.102934182866318
2021-05-03 23:00:00,2.770323040196652,3.0667174102113397,3.178884496374271
2021-05-04 00:00:00,3.52137011811001,3.527632187345765,4.425339577098419
2021-05-04 01:00:00,13.739018397678084,13.594010549580007,10.850471317503876
2021-05-04 02:00:00,13.562483872198705,13.445282222090135,11.999319545240594
2021-05-04 03:00:00,16.920692828619465,16.932859003474043,18.623295541206613
2021-05-04 04:00:00,12.154671003609955,12.234658208719454,12.257775691834343
2021-05-04 05:00:00,12.246193973225168,11.993190091596906,10.007376242131311
2021-05-04 06:00:00,9.042141728935114,8.758876860700948,9.54810905856131
2021-05-04 07:00:00,4.190321690984342,4.184940536153039,5.772098676657646
2021-05-04 08:00:00,3.630739023321925,3.983036108955881,4.864473176583496
2021-05-04 09:00:00,6.487898644843628,6.695524990711762,5.518245714845982
2021-05-04 10:00:00,4.3696315889545545,4.726697511080776,7.29168478853216
2021-05-04 11:00:00,8.371342027566369,8.533848800635267,6.79371948209594
2021-05-04 12:00:00,11.965073199180628,11.969357348190512,9.14166881362564
2021-05-04 13:00:00,15.411884256175815,15.373184210194632,15.055941805054756
2021-05-04 14:00:00,11.308513205823813,11.17204696561092,12.194844595853745
2021-05-04 15:00:00,9.617560011351753,9.701317587592442,9.944059371234747
2021-05-04 16:00:00,7.1366705848836665,7.20810429068421,6.550718847111552
2021-05-04 17:00:00,17.500494166870155,17.340798473448288,17.374809820822684
2021-05-04 18:00:00,18.21460657175511,18.01774328031184,18.84177839985199
2021-05-04 19:00:00,6.266796679556878,6.164694945723112,8.125782874125811
2021-05-04 20:00:00,2.3982601738064,2.3807901400564355,5.526847560842338
2021-05-04 21:00:00,2.708131530940885,2.859767654873628,5.026413274126544
2021-05-04 22:00:00,0.8867596442612351,1.168502751816436,1.9262728851955149
2021-05-04 23:00:00,1.039726168805326,1.356862294767251,3.332714313866449
2021-05-05 00:00:00,6.13395969330492,6.134281086959081,5.471633074448451
2021-05-05 01:00:00,9.462609023523536,9.444971440311338,9.21079987980156
2021-05-05 02:00:00,11.890316939185109,11.881958899211194,11.9103457196957
2021-05-05 03:00:00,17.819379800530974,17.871519014090456,25.645688900532384
2021-05-05 04:00:00,26.906480080706032,26.87309225611216,26.733415092708626
2021-05-05 05:00:00,26.997936358908923,26.69562126191553,25.912267285253616
2021-05-05 06:00:00,22.063287243227546,21.75145291557548,21.533495251656
2021-05-05 07:00:00,18.99214688099186,19.01297038581321,18.266491010935177
2021-05-05 08:00:00,14.1646353560535,14.554965716719147,11.713889023263636
2021-05-05 09:00:00,20.5330048332693,20.87676063163067,19.237906068744763
2021-05-05 10:00:00,22.741163264446214,23.24656806353582,21.217429256465483
2021-05-05 11:00:00,23.331829456011477,23.69561067861777,21.268431059832533
2021-05-05 12:00:00,26.925560627625728,27.131119226173016,26.17984508040883
2021-05-05 13:00:00,32.859754249006414,32.82759828943658,31.40648631717719
2021-05-05 14:00:00,24.39656917537257,24.204093680422357,23.511170780267385
2021-05-05 15:00:00,12.31368761849859,12.45330049651576,12.164983341367796
2021-05-05 16:00:00,10.664708091510326,10.731282304435206,9.109377849172384
2021-05-05 17:00:00,14.114491321985474,14.045489138646522,12.977272059389948
2021-05-05 18:00:00,12.224294594317158,12.200715282046266,11.119567994243177
2021-05-05 19:00:00,5.4766224503468655,5.498165407013394,8.744367672268622
2021-05-05 20:00:00,4.229022653845259,4.341842614183626,5.740248302187837
2021-05-05 21:00:00,1.0359645979272876,1.2964443319946826,3.047078930114896
2021-05-05 22:00:00,2.709174990246134,3.1086221127200337,4.521178257616658
2021-05-05 23:00:00,4.584391252127589,4.985903657891345,5.029086935720958
2021-05-06 00:00:00,3.621535726757544,3.778829546028867,3.484672544735982
2021-05-06 01:00:00,6.084886621280498,6.234592341659079,6.038844369423631
2021-05-06 02:00:00,13.687690883008123,13.759278920444014,11.903179118655135
2021-05-06 03:00:00,17.020858437267,17.184056362157143,18.265224725840486
2021-05-06 04:00:00,13.128482182007115,13.36171623834819,11.529044243080827
2021-05-06 05:00:00,11.48099445476472,11.45345701548388,9.980091606838949
2021-05-06 06:00:00,10.015886215919952,9.9499320132556,11.098796374528328
2021-05-06 07:00:00,8.61691278669787,8.774772806372276,9.038491225818913
2021-05-06 08:00:00,11.518523861818103,11.992578610063296,10.552956487601008
2021-05-06 09:00:00,16.16471029310886,16.561454399828406,13.378554928547333
2021-05-06 10:00:00,9.711603924687514,10.297056018363609,9.74582348862929
2021-05-06 11:00:00,15.477366462318816,15.83379775333064,15.644281425252624
2021-05-06 12:00:00,19.94480989509502,20.08116984890561,17.527849371564255
2021-05-06 13:00:00,17.242713427626995,17.270239561395904,13.362784548195886
2021-05-06 14:00:00,20.05338272878633,19.887589665364956,19.528578526469083
2021-05-06 15:00:00,15.741559516477718,15.725281151583657,16.53123134071367
2021-05-06 16:00:00,20.166363307467016,20.02962209000459,19.906231108875485
2021-05-06 17:00:00,18.46609159403799,18.318929144001604,17.991339539857485
2021-05-06 18:00:00,7.956232354216573,8.072609286001189,8.933019025931781
2021-05-06 19:00:00,0.3349146404966558,0.4941987400226808,3.222082774828596
2021-05-06 20:00:00,5.119362491702806,5.259569511576444,8.41977199090724
2021-05-06 21:00:00,1.05265886603521,1.3383105584418662,3.112885038984861
2021-05-06 22:00:00,-0.7603658865904785,-0.3320212313917343,1.0904588969079667
2021-05-06 23:00:00,4.559349849965706,4.92310431822057,5.114420864703273
2021-05-07 00:00:00,10.527228944214924,10.576383781358036,9.58764325777654
2021-05-07 01:00:00,15.594822279878828,15.617862363377972,16.203745823879295
2021-05-07 02:00:00,18.862787229074176,18.84697804032909,17.64535985076835
2021-05-07 03:00:00,28.253043833202693,28.256248386096534,23.376671467427787
2021-05-07 04:00:00,32.14835349920377,32.12825628178598,31.8783321964446
2021-05-07 05:00:00,33.96205951474403,33.63970728980985,33.23004209857724
2021-05-07 06:00:00,28.137070561205103,27.77781204607697,29.26412146556386
2021-05-07 07:00:00,22.394910685396784,22.286148824136248,24.57593682361323
2021-05-07 08:00:00,13.157168875791218,13.600163725899703,11.44088910498787
2021-05-07 09:00:00,21.23116051364878,21.505017293658625,20.159178769625616
2021-05-07 10:00:00,17.37394945231442,17.805401585359956,17.13222982020961
2021-05-07 11:00:00,17.107664342237968,17.420449755943455,14.93949528461378
2021-05-07 12:00:00,15.534646301840136,15.789192296837212,14.060920513296017
2021-05-07 13:00:00,22.392568297294208,22.48713071038796,20.42401838292509
2021-05-07 14:00:00,20.851770709225665,20.70304656315009,21.42743619239849
2021-05-07 15:00:00,36.50024145629503,36.35060366954095,36.04625929062265
2021-05-07 16:00:00,44.369544721959045,44.03278861240289,40.801623869575614
2021-05-07 17:00:00,45.21508551129325,44.76127966022448,41.19144819185584
2021-05-07 18:00:00,32.051034408831754,31.675651090640955,33.322543809019535
2021-05-07 19:00:00,20.14496018690333,19.927268322170185,19.793249776130164
2021-05-07 20:00:00,22.34185986507645,22.14878953378141,19.032418674055563
2021-05-07 21:00:00,27.77674476395322,27.58986748914213,29.451821926384653
2021-05-07 22:00:00,27.70266401677282,27.65032392797621,31.29919207015261
2021-05-07 23:00:00,21.781847223339348,21.812324340425537,20.972612719576816
2021-05-08 00:00:00,9.611847704195494,9.59585754429444,9.34317124449208
2021-05-08 01:00:00,6.0264566829027695,6.088060549093936,6.190156885058502
2021-05-08 02:00:00,5.84992215742339,5.939332221604067,4.713222025768355
2021-05-08 03:00:00,29.95025216837817,29.882371048646256,27.49737840982044
2021-05-08 04:00:00,38.17205401285757,38.02901673294592,37.47703843997103
2021-05-08 05:00:00,37.38986472131084,36.97568506780365,38.3624477554844
2021-05-08 06:00:00,34.252589549452466,33.90883674269642,37.56949706651452
2021-05-08 07:00:00,36.27307419274324,36.04872220058333,38.517554435574525
2021-05-08 08:00:00,27.018771497854384,27.19287663004776,27.941921071600092
2021-05-08 09:00:00,16.93819025421095,17.18611771209094,17.16481579166289
2021-05-08 10:00:00,22.657691923906608,23.037236931299898,21.72379729993703
2021-05-08 11:00:00,21.534455512188455,21.818290657384946,18.51190647448135
2021-05-08 12:00:00,23.41428408051932,23.585810315943288,22.23115936057993
2021-05-08 13:00:00,22.526255824982226,22.6940662761136,20.24783297253289
2021-05-08 14:00:00,15.860444695171395,15.947881688332204,16.974750300183228
2021-05-08 15:00:00,20.18491157171149,20.292982525324163,18.383064419799226
2021-05-08 16:00:00,21.97208438534399,21.927875224461005,21.227763486097388
2021-05-08 17:00:00,15.870196286951003,15.754146470835469,13.422556039644256
2021-05-08 18:00:00,23.47317425836077,23.31477353243284,20.41516235288418
2021-05-08 19:00:00,18.456098985781804,18.32207877284405,17.41510097586909
2021-05-08 20:00:00,20.63630439584701,20.501733758008097,18.973172249466945
2021-05-08 21:00:00,16.586295038287332,16.6223410313207,16.77282707435738
2021-05-08 22:00:00,6.993931498454642,7.278594335212296,5.7948841252996
2021-05-08 23:00:00,1.9467602747707948,2.316455418607254,2.7549168001268107
2021-05-09 00:00:00,7.04934093332435,7.114807324022676,5.724242496677236
2021-05-09 01:00:00,5.177852515315029,5.274999217819076,5.9139204986060045
2021-05-09 02:00:00,4.1360195541399865,4.271343332607163,4.821726694010514
2021-05-09 03:00:00,16.122171465355493,16.245396351540734,15.966631265318922
2021-05-09 04:00:00,19.16052982971487,19.283409802731725,18.378594768008924
2021-05-09 05:00:00,28.78682978585333,28.68000241577659,28.443400552046285
2021-05-09 06:00:00,28.17867284865027,28.010471858046763,29.414910842853235
2021-05-09 07:00:00,26.754658017266305,26.772513311492663,28.17738710334993
2021-05-09 08:00:00,15.803213678614291,16.22654795548147,16.724821432719757
2021-05-09 09:00:00,13.518598798873466,13.999067293172551,12.26117939945757
2021-05-09 10:00:00,14.844831217659124,15.408083817982558,11.621185095007451
2021-05-09 11:00:00,27.558022643017612,27.84704535439672,26.55008338773591
2021-05-09 12:00:00,37.19214859639358,37.2251805795591,36.85477268491205
2021-05-09 13:00:00,44.041723457793694,43.90218587988625,43.55621847842168
2021-05-09 14:00:00,33.881330048984374,33.65255860832231,34.17502145838952
2021-05-09 15:00:00,28.729249803141983,28.698121876489736,28.0926725842396
2021-05-09 16:00:00,11.521592701739708,11.629273871859574,10.902355377504124
2021-05-09 17:00:00,7.166995742845969,7.207266460125311,6.521407369153261
2021-05-09 18:00:00,32.991457051013064,32.71897666737533,34.42130298804317
2021-05-09 19:00:00,34.01477656019581,33.66890858539367,36.95919464073352
2021-05-09 20:00:00,26.71843484787853,26.549026001733186,28.67847098098236
2021-05-09 21:00:00,26.97822340068925,26.902404837208824,24.63348112618131
2021-05-09 22:00:00,28.593003854630368,28.56805082536903,32.248901188292805
2021-05-09 23:00:00,22.66383992714293,22.709118124594763,20.85647740109318
2021-05-10 00:00:00,27.76642058569649,27.507470030010182,26.869451010198564
2021-05-10 01:00:00,31.95202121755681,31.65215482786089,32.232891929792466
2021-05-10 02:00:00,30.918535390435725,30.669432055872573,29.986620947851478
2021-05-10 03:00:00,36.86429251988952,36.70085839719902,32.5988104360705
2021-05-10 04:00:00,40.7596021858906,40.57286629288846,40.850668665671805
2021-05-10 05:00:00,46.0345019442135,45.5040275318005,41.08916764471319
2021-05-10 06:00:00,44.52765803509894,43.89583696345427,45.14899397003136
2021-05-10 07:00:00,37.92019972359496,37.549246183791496,38.192211192622416
2021-05-10 08:00:00,23.44906501237024,23.501035927252893,24.60297788390584
2021-05-10 09:00:00,23.76047882254104,23.71034369225828,21.994204576172088
2021-05-10 10:00:00,20.843690403387992,21.05405356069398,19.82023359700172
2021-05-10 11:00:00,19.72045399166984,19.835107286779028,17.74242369800137
2021-05-10 12:00:00,19.012734386967665,19.058777385394823,16.976743760875273
2021-05-10 13:00:00,14.61342958432416,14.621724435335407,11.590338079507362
2021-05-10 14:00:00,20.02834132662445,19.824790325694178,19.2450245392886
2021-05-10 15:00:00,23.52917874632637,23.48362629400797,26.43261725866715
2021-05-10 16:00:00,25.316351559958868,25.11851899314481,26.453780164165263
2021-05-10 17:00:00,31.38707149968289,31.06030784019304,30.86908051663549
2021-05-10 18:00:00,26.06906956544776,25.879556205598973,24.65509379257536
2021-05-10 19:00:00,12.399009935912169,12.337585868789748,13.107183132286425
2021-05-10 20:00:00,9.404118999911312,9.429541734068708,9.057449698136985
2021-05-10 21:00:00,4.472116938548055,4.653355223212083,7.421152458584528
2021-05-10 22:00:00,0.92014818047708,1.252235204710803,1.723558909616783
2021-05-10 23:00:00,1.9300660066628723,2.2745891921600707,2.608424605297618
2021-05-11 00:00:00,5.302049793825102,5.363085982131404,5.055235954561893
2021-05-11 01:00:00,5.169505381261068,5.254066104595484,5.883929532029673
2021-05-11 02:00:00,6.723567727173014,6.815192892549702,4.778360567098762
2021-05-11 03:00:00,11.778985018769257,11.92889233648333,18.295904427889788
2021-05-11 04:00:00,11.33945537223806,11.50532933033896,12.41409945890404
2021-05-11 05:00:00,25.275686621571555,25.00669925969504,24.76858110695906
2021-05-11 06:00:00,22.063287243227546,21.75145291557548,21.533495251656
2021-05-11 07:00:00,20.664313814005457,20.57629370869216,20.820729134277208
2021-05-11 08:00:00,20.89490537555305,21.04091882020472,21.159315674762016
2021-05-11 09:00:00,17.6949092557928,17.832911920832206,17.774531114876492
2021-05-11 10:00:00,13.804309658242596,14.049563759639172,13.344351612355586
2021-05-11 11:00:00,10.933782107025191,11.078896143832946,10.415819339493314
2021-05-11 12:00:00,11.12474947423453,11.24122625306516,9.317856961084605
2021-05-11 13:00:00,20.645343849207283,20.67141224557077,18.40332651992649
2021-05-11 14:00:00,13.097473324180545,13.092430996546064,11.77000291999138
2021-05-11 15:00:00,10.557982653533063,10.744643164326812,9.394391096154846
2021-05-11 16:00:00,8.91735026059876,9.043558085469847,9.056873729692596
2021-05-11 17:00:00,16.701972803606182,16.65333582151498,16.999775114841754
2021-05-11 18:00:00,10.46865632076395,10.428060826931404,9.678582308126796
2021-05-11 19:00:00,1.9820401713483693,1.994722723230851,5.552221512162125
2021-05-11 20:00:00,0.7177461067388415,0.7965337039538981,4.336920627974773
2021-05-11 21:00:00,1.8595273633531444,2.046706323598768,4.183284869275236
2021-05-11 22:00:00,0.0214612085655723,0.3135751940943918,1.775886618426637
2021-05-11 23:00:00,2.770323040196652,3.0667174102113397,3.178884496374271
2021-05-12 00:00:00,13.073041446978149,13.015567775182618,10.809938991522094
2021-05-12 01:00:00,12.058504330610525,12.009754113477468,11.025477303548476
2021-05-12 02:00:00,9.277727363990197,9.275309999597876,9.046369247464504
2021-05-12 03:00:00,13.50123475610662,13.617814338703829,17.404148289800663
2021-05-12 04:00:00,26.049528779064328,26.03909781161371,25.82054833142648
2021-05-12 05:00:00,33.08828056216977,32.89184086471603,32.85889916809379
2021-05-12 06:00:00,31.598130921163115,31.325516522816983,33.508439508697606
2021-05-12 07:00:00,25.805888241031028,25.7082546215347,26.782393619511357
2021-05-12 08:00:00,20.78625925002692,20.896782594149855,21.743528739833376
2021-05-12 09:00:00,21.946210536373144,21.983148813356017,22.19553916568461
2021-05-12 10:00:00,20.69324191617973,20.86924889144707,20.536948831318817
2021-05-12 11:00:00,20.43530394015724,20.50523017525416,19.394607396642115
2021-05-12 12:00:00,18.88732730192129,18.936772055818697,18.20452064654424
2021-05-12 13:00:00,21.46055948057917,21.400741123951263,18.89170095693926
2021-05-12 14:00:00,16.466915283781944,16.217879859048814,17.01468274398827
2021-05-12 15:00:00,16.50669234352585,16.329011350622597,16.678350437529286
2021-05-12 16:00:00,5.389512828209057,5.328388702941108,5.667891365128888
2021-05-12 17:00:00,13.18248250527044,12.959099552209828,12.487019955108392
2021-05-12 18:00:00,8.721365181264702,8.676339485040131,9.23121627129044
2021-05-12 19:00:00,2.880727143259877,2.9333827338472624,5.44437830999594
2021-05-12 20:00:00,1.5913916764884657,1.6723943748995342,4.322286656320355
2021-05-12 21:00:00,0.1038890897999351,0.2740518684839039,4.340779033958232
2021-05-12 22:00:00,1.7604052140108593,2.044363422762072,3.800950875230424
2021-05-12 23:00:00,1.031379034751365,1.3359291815436594,3.365004071988011
2021-05-13 00:00:00,4.386668553805673,4.382559745067809,4.357691812527756
2021-05-13 01:00:00,4.262471275295599,4.294472980755481,4.187840095821295
2021-05-13 02:00:00,5.816533621207546,5.855599768709699,6.00320189410682
2021-05-13 03:00:00,11.762290750661336,11.887026110036144,18.37713168828372
2021-05-13 04:00:00,17.38819728805374,17.468889121169678,13.803208560023917
2021-05-13 05:00:00,34.76892801206196,34.34810305496675,33.56728021683677
2021-05-13 06:00:00,31.556528633717942,31.092856710847197,33.65251254592424
2021-05-13 07:00:00,28.40191693094265,28.145043048849004,29.848334077285656
2021-05-13 08:00:00,26.044960319457225,26.065818600419025,26.40729140367203
2021-05-13 09:00:00,26.36458788085735,26.42405372449983,25.45806768525186
2021-05-13 10:00:00,21.67546692004317,21.953242911373486,21.11445664573549
2021-05-13 11:00:00,22.26619980302074,22.338288403529525,19.649098783381746
2021-05-13 12:00:00,22.39873723185235,22.354086720196594,20.282384732541654
2021-05-13 13:00:00,22.35096600984904,22.25447089841817,20.344802666220456
2021-05-13 14:00:00,25.1783295791163,24.9136872288344,24.36931533698673
2021-05-13 15:00:00,17.43863446882856,17.479398059985208,18.13893384650967
2021-05-13 16:00:00,8.842226054113109,8.855160066457522,8.725071193284975
2021-05-13 17:00:00,7.973864240163903,7.915662225282213,6.943373427393327
2021-05-13 18:00:00,3.479491762766957,3.4211754593663164,4.45874396553529
2021-05-13 19:00:00,0.1846662275253541,0.1174027019980283,4.257062036132043
2021-05-13 20:00:00,1.5413088721646984,1.5467956955579831,4.330440267084519
2021-05-13 21:00:00,0.9441461233337144,1.0661800865351725,4.193983761502651
2021-05-13 22:00:00,0.8700653761533128,1.126636525369252,1.871337942736019
2021-05-13 23:00:00,3.60223293967647,3.837912515039016,4.874709799982933
2021-05-14 00:00:00,16.500846653544954,16.35154555317643,15.86504257882936
2021-05-14 01:00:00,18.964197548067904,18.80730834880664,17.849085615494598
2021-05-14 02:00:00,17.04037188308928,16.906858679425497,16.81980338542654
2021-05-14 03:00:00,22.120830576847403,22.0833574630299,22.39660320496912
2021-05-14 04:00:00,29.47733398563113,29.37507558960752,29.96894213472349
2021-05-14 05:00:00,32.20628785836618,31.995047080546808,31.74296862398709
2021-05-14 06:00:00,30.71613821735953,30.428722738647757,31.6025010869044
2021-05-14 07:00:00,30.17411608977915,30.08755797626288,31.888364500784068
2021-05-14 08:00:00,21.810219924160165,22.085442180194228,21.42084644907199
2021-05-14 09:00:00,19.500697025082093,19.667167932362705,18.24898927288909
2021-05-14 10:00:00,20.83527657792171,21.097117570396303,19.80535883747288
2021-05-14 11:00:00,20.593966178594822,20.838962203576493,18.087381485089715
2021-05-14 12:00:00,24.246060597174488,24.484999666622794,22.682027865161032
2021-05-14 13:00:00,31.07894119046668,31.120138740502764,28.946615898435542
2021-05-14 14:00:00,28.697886568864355,28.54392637521363,29.064424119193195
2021-05-14 15:00:00,21.7818209154148,21.79590207504261,20.109809670052982
2021-05-14 16:00:00,23.627423667425028,23.577326566744595,25.9274174206975
2021-05-14 17:00:00,24.498005858921108,24.36861695423697,24.07001401445777
2021-05-14 18:00:00,21.734230252915488,21.58398530376516,19.794570200195164
2021-05-14 19:00:00,15.826815142478972,15.673563646783556,14.640279530538589
2021-05-14 20:00:00,12.823577072424158,12.744586398838925,14.27720812056025
2021-05-14 21:00:00,3.5817771006905086,3.7356283258192646,5.98490410386838
2021-05-14 22:00:00,0.0465026107274559,0.3763745337651669,1.6343187446209717
2021-05-14 23:00:00,3.6523157440002367,3.963511194380567,4.880108834604291
2021-05-15 00:00:00,6.150653961412843,6.176147313406265,5.40796217117762
2021-05-15 01:00:00,7.748706420240134,7.776982551314433,9.048866458716542
2021-05-15 02:00:00,11.898664073239068,11.902892012434783,11.96831928013341
2021-05-15 03:00:00,19.575018074084184,19.64417346920532,24.356993521868816
2021-05-15 04:00:00,25.184230343368665,25.18417025389167,24.824461179319208
2021-05-15 05:00:00,24.41038818587589,24.151771701972997,22.12585520283377
2021-05-15 06:00:00,20.349384639944137,20.08346402657858,18.50585454936098
2021-05-15 07:00:00,19.80736251236376,19.742299264193708,20.547021141970408
2021-05-15 08:00:00,18.349092872789832,18.601734826380135,17.80281330178209
2021-05-15 09:00:00,21.20625249431153,21.31422370813602,19.63915382107763
2021-05-15 10:00:00,17.29895862865341,17.4890093204958,17.70655953140206
2021-05-15 11:00:00,21.40924850137904,21.50429395903107,18.53397733221236
2021-05-15 12:00:00,22.44882003617612,22.479685399538145,20.36922621403508
2021-05-15 13:00:00,22.43443735038865,22.463802030654087,20.42606479106825
2021-05-15 14:00:00,16.575494717895758,16.426013208029595,17.11434772640855
2021-05-15 15:00:00,21.7903014322934,21.68884094241437,18.929837550344125
2021-05-15 16:00:00,14.07588572138153,13.961396733055915,12.050067094110538
2021-05-15 17:00:00,11.451885633879115,11.24924443676574,10.744428328173033
2021-05-15 18:00:00,21.7091888507536,21.521185964094386,19.54633607475964
2021-05-15 19:00:00,27.957687510326178,27.68441568133936,26.739675005025497
2021-05-15 20:00:00,34.47273223292365,34.159641568337214,37.3059716025914
2021-05-15 21:00:00,34.74086791978833,34.533953517036444,34.35797073114002
2021-05-15 22:00:00,31.205593429825274,31.174699724982347,36.68733228371298
2021-05-15 23:00:00,32.21551125601107,32.19705371243162,34.531207054374114
2021-05-16 00:00:00,32.97490546797839,32.67890160278964,32.90830883694786
2021-05-16 01:00:00,32.834013921360395,32.54894861203012,32.820183764302755
2021-05-16 02:00:00,36.11867313866367,35.819930515428425,36.88037892876682
2021-05-16 03:00:00,42.9130344357052,42.664418188029735,37.76017869167896
2021-05-16 04:00:00,39.88595661614097,39.69700562194283,39.65557086596421
2021-05-16 05:00:00,38.26344359964814,37.9155428616752,38.14316784274809
2021-05-16 06:00:00,34.18574578560846,33.80536895983361,37.83257976159226
2021-05-16 07:00:00,32.778425222332416,32.609276639726694,32.293696462494815
2021-05-16 08:00:00,29.58962540277949,29.69485996354312,29.83674219613897
2021-05-16 09:00:00,30.68279961669402,30.613761276960545,30.544041913624916
2021-05-16 10:00:00,29.354706790014955,29.311463336039274,29.54026701292111
2021-05-16 11:00:00,31.77600207879443,31.84955267110025,33.20501313367784
2021-05-16 12:00:00,33.71419389409069,33.827601245149644,36.13067972126185
2021-05-16 13:00:00,34.52337397372909,34.561979867869674,33.81784552144026
2021-05-16 14:00:00,30.34494540830375,30.10844748134772,31.122875586664904
2021-05-16 15:00:00,34.69445368700573,34.51634765801045,34.82456490348245
2021-05-16 16:00:00,34.80945956762463,34.58791703426835,34.589747587518445
2021-05-16 17:00:00,34.81474332342505,34.52427986403868,33.20617009273181
2021-05-16 18:00:00,32.06772867693968,31.717517317088134,33.09590853647052
2021-05-16 19:00:00,28.789597409806,28.455610786167032,28.467833385929666
2021-05-16 20:00:00,28.382254646838167,28.09141621138853,30.374084016384007
2021-05-16 21:00:00,23.483641121690752,23.39896215342628,21.04451259901093
2021-05-16 22:00:00,29.433260888164146,29.3601790434203,32.66508572303007
2021-05-16 23:00:00,45.15325212117621,44.91630151214432,45.27906742460071
2021-05-17 00:00:00,47.65159033858882,47.12893763117002,45.25337447853618
2021-05-17 01:00:00,48.3926914957744,47.89577842457973,44.33846210695713
2021-05-17 02:00:00,48.21615697029503,47.74705009708986,45.20083041765878
2021-05-17 03:00:00,54.14521983164089,53.73661021196913,44.88258286274456
2021-05-17 04:00:00,39.87760948208701,39.67607250871924,39.7050687540681
2021-05-17 05:00:00,39.137022477985454,38.85540065554676,40.57273181089487
2021-05-17 06:00:00,37.63017856887088,37.24721008720052,40.64730690060573
2021-05-17 07:00:00,41.28109447490543,40.8457533018484,35.874165066951264
2021-05-17 08:00:00,40.71316467318904,40.62291576142764,36.24717505846443
2021-05-17 09:00:00,35.86610971398939,35.85038775592105,35.41990423629261
2021-05-17 10:00:00,34.638182495957864,34.799287173682885,34.23370217345138
2021-05-17 11:00:00,34.371897385881425,34.414335344266384,34.99516232398629
2021-05-17 12:00:00,31.135059546523944,31.24068767550478,30.793848282310883
2021-05-17 13:00:00,29.339997185021392,29.389350511835083,28.28885895952879
2021-05-17 14:00:00,26.076949859615485,25.916344362376723,25.82628436486949
2021-05-17 15:00:00,33.895999015154075,33.76488788315123,34.88443285526757
2021-05-17 16:00:00,31.373440609828503,31.10301189719912,31.33768316326047
2021-05-17 17:00:00,31.38707149968289,31.06030784019304,30.86908051663549
2021-05-17 18:00:00,27.774625034677207,27.526611981372284,27.377804593102564
2021-05-17 19:00:00,22.732508359936357,22.47111788211273,21.86570770045209
2021-05-17 20:00:00,23.19881116671815,22.98278397827986,19.950403646202744
2021-05-17 21:00:00,23.475293987636796,23.378029040202687,20.993895315060318
2021-05-17 22:00:00,20.79697079931544,20.85276969264704,19.42063729343964
2021-05-17 23:00:00,21.790194357393307,21.83325745364913,21.874005918061098
2021-05-18 00:00:00,21.69263726771893,21.481110899508693,19.288720816799472
2021-05-18 01:00:00,21.54339858704697,21.330224795525588,19.20785170265175
2021-05-18 02:00:00,22.265551033479092,22.12015647865213,19.623625011579
2021-05-18 03:00:00,28.211308162932887,28.15158281997857,23.073769578070884
2021-05-18 04:00:00,24.29389050551112,24.266443356498847,23.104914679361045
2021-05-18 05:00:00,24.376999649660046,24.068039249078627,22.200422934556165
2021-05-18 06:00:00,19.442350533978665,19.12387090273857,17.102578172631013
2021-05-18 07:00:00,18.933716942614133,18.866438593248077,18.342620934097653
2021-05-18 08:00:00,15.753197565702845,16.036952153214003,16.53490796189596
2021-05-18 09:00:00,14.32560067901604,14.579468812477623,12.40150640580223
2021-05-18 10:00:00,16.533825801605282,16.885279121456858,17.298444350389033
2021-05-18 11:00:00,16.325970629906557,16.646859084605502,15.573672980343687
2021-05-18 12:00:00,16.45850805873817,16.66265740127257,13.199002610155402
2021-05-18 13:00:00,18.107945171910337,18.189164242043866,17.410588119829175
2021-05-18 14:00:00,17.465834555753304,17.343740105422413,17.04988421479112
2021-05-18 15:00:00,15.799989454855446,15.871812944148797,16.816878291714293
2021-05-18 16:00:00,9.807823481280945,9.833290737010838,9.010015556445603
2021-05-18 17:00:00,17.550710354018562,17.338402906938008,17.261939110638053
2021-05-18 18:00:00,24.35516696216436,24.211567316602068,20.26296676632853
2021-05-18 19:00:00,20.203390125281054,20.073800114735327,19.82281785897048
2021-05-18 20:00:00,19.787700228259265,19.68867242673324,15.459566561444086
2021-05-18 21:00:00,13.11675416145072,13.181697687208931,10.159100831874664
2021-05-18 22:00:00,14.773270285661647,14.9520092414871,13.586321149429658
2021-05-18 23:00:00,15.766493843739518,15.932497002489184,16.628230556249243
2021-05-19 00:00:00,17.40788075951042,17.31113867701643,16.973168365057486
2021-05-19 01:00:00,19.014280352391676,18.93290702814819,17.831001408541233
2021-05-19 02:00:00,18.829398692858334,18.763245587434728,17.540825600844375
2021-05-19 03:00:00,24.77515582231212,24.794671928761176,21.1953201927516
2021-05-19 04:00:00,20.874432432998272,20.95139869172863,18.51976611322092
2021-05-19 05:00:00,20.94919444309324,20.732061471084812,18.657604223748447
2021-05-19 06:00:00,16.85480236094564,16.58002134279603,16.802252020667584
2021-05-19 07:00:00,16.337821635527146,16.301655920081938,16.356148134610514
2021-05-19 08:00:00,16.63505688668179,17.061740183235063,17.437210629866915
2021-05-19 09:00:00,16.031022765420843,16.354518834102766,12.67135456776296
2021-05-19 10:00:00,13.90440857547781,14.36475824124819,13.558476208089518
2021-05-19 11:00:00,13.621429197293434,13.937940185384504,12.892959431279529
2021-05-19 12:00:00,12.090213518577723,12.347351169470304,9.06243023827342
2021-05-19 13:00:00,11.202251954452956,11.391610006714696,9.607806743379603
2021-05-19 14:00:00,20.161895471487828,20.15972013727165,19.447450767924867
2021-05-19 15:00:00,28.879631598937923,28.94692366866256,29.287910944701704
2021-05-19 16:00:00,31.51540858015817,31.394877699074264,32.05714815656302
2021-05-19 17:00:00,25.380131945549333,25.137416492554365,24.60570002864196
2021-05-19 18:00:00,20.04536905179397,19.978795754439037,17.994006794441948
2021-05-19 19:00:00,12.465787008343856,12.505050774578482,13.59958775872546
2021-05-19 20:00:00,15.527985122212645,15.58149954391175,14.239661558964633
2021-05-19 21:00:00,14.914128105273736,15.059017708441758,11.357041893117657
2021-05-19 22:00:00,12.2107635147905,12.470959021215336,10.883338910928462
2021-05-19 23:00:00,14.077632642617996,14.327307453163057,15.51533092384145
2021-05-20 00:00:00,25.21226094887931,25.047352922962013,23.00428107482211
2021-05-20 01:00:00,40.63004697667532,40.26422974475211,41.18975637547396
2021-05-20 02:00:00,41.3188108868916,40.97042897498428,41.18393138088873
2021-05-20 03:00:00,46.3825753125418,46.1050615321415,40.94630758558821
2021-05-20 04:00:00,41.6582891578021,41.51152630350487,40.57380533533553
2021-05-20 05:00:00,42.63160475698395,42.3588433393293,42.36339797413958
2021-05-20 06:00:00,40.31789235055143,40.042257005826166,40.63505916178945
2021-05-20 07:00:00,38.02023194941785,37.92843778832643,38.07757068246611
2021-05-20 08:00:00,39.141163348822985,39.310789797231806,38.779705248850966
2021-05-20 09:00:00,37.63844225565053,37.6649084374831,37.1304872851714
2021-05-20 10:00:00,38.13276477495637,38.30272985746543,36.86285640391112
2021-05-20 11:00:00,40.39559789953522,40.31509579542632,40.12660075920157
2021-05-20 12:00:00,42.41739443819573,42.374481255859806,41.401639207685946
2021-05-20 13:00:00,40.589010231889645,40.37541451636984,44.11670568056432
2021-05-20 14:00:00,36.46059777937576,36.11147793211534,36.90045662939822
2021-05-20 15:00:00,35.501388875735984,35.160746300241435,35.356403767084686
2021-05-20 16:00:00,33.86075648280168,33.45966122138448,34.85103190361171
2021-05-20 17:00:00,35.596637109993424,35.10587916659889,35.37785519927563
2021-05-20 18:00:00,35.42875681107479,34.88603018929321,38.28456585947625
2021-05-20 19:00:00,25.219890924321845,24.76377008337216,24.979327728816383
2021-05-20 20:00:00,22.325165596968528,22.106923307334224,17.607525592093562
2021-05-20 21:00:00,13.906928390660736,13.84822722591865,11.67023550168509
2021-05-20 22:00:00,12.959202073730706,13.032822993807097,11.39090305792154
2021-05-20 23:00:00,24.361048262318413,24.335240787144485,24.570205798024585
2021-05-21 00:00:00,25.99408804403536,25.69294934844814,25.09141745867223
2021-05-21 01:00:00,27.60883477097057,27.33565081280349,26.91301608440909
2021-05-21 02:00:00,27.41560597738327,27.14505625886644,26.737640195801
2021-05-21 03:00:00,33.369710240891024,33.19741571341648,27.05822633243844
2021-05-21 04:00:00,29.494028253739057,29.416941816054702,29.869288547123045
2021-05-21 05:00:00,28.75344124963749,28.59626996288222,28.29584478093449
2021-05-21 06:00:00,23.793750731794223,23.5893022768714,24.380737005784
2021-05-21 07:00:00,22.369735900410262,22.3513437303173,25.102081389725477
2021-05-21 08:00:00,25.162834232829,25.29701906210163,28.180966751274937
2021-05-21 09:00:00,26.314438385121264,26.3624521680842,26.79728695362892
2021-05-21 10:00:00,22.515657262164627,22.80936825235067,21.664061946520995
2021-05-21 11:00:00,30.92739791120669,31.036491339825385,33.39704145790888
2021-05-21 12:00:00,37.96562855749568,37.84984389182162,36.421771371911
2021-05-21 13:00:00,38.75811436902615,38.54235628809447,37.99724530312298
2021-05-21 14:00:00,37.26739958528137,36.88387082019816,38.390545572920026
2021-05-21 15:00:00,35.59320735032955,35.39101054570095,35.84616544613188
2021-05-21 16:00:00,33.97761635955713,33.75272480651476,34.76642228208709
2021-05-21 17:00:00,33.201073020201505,33.04349121079896,33.71352596136063
2021-05-21 18:00:00,34.87230233537569,34.805627820844066,36.67538981550635
2021-05-21 19:00:00,29.84687992874276,29.791999948031687,28.693011021015543
2021-05-21 20:00:00,27.675551758167767,27.634217804914734,29.594362112281104
2021-05-21 21:00:00,27.95203457908641,28.02946286683756,30.07363627166896
2021-05-21 22:00:00,26.979266859994496,27.151259295055223,28.48418842973727
2021-05-21 23:00:00,28.862830255929914,29.04947395345013,27.843581151438656
2021-05-22 00:00:00,31.35282133928856,31.24117695925224,31.982545642498547
2021-05-22 01:00:00,31.220276926724527,31.132157081716315,31.72715561345213
2021-05-22 02:00:00,31.8255694964012,31.62902517971257,31.66863095065447
2021-05-22 03:00:00,37.77132662585498,37.660451521039015,32.687209549813616
2021-05-22 04:00:00,34.74424880629077,34.69303895495211,32.81181759547207
2021-05-22 05:00:00,34.885654505992775,34.769160885948864,33.66532948761185
2021-05-22 06:00:00,29.91761685409556,29.741260086714444,30.71017284128676
2021-05-22 07:00:00,31.979837167656125,31.985811110719297,32.371811500040984
2021-05-22 08:00:00,33.89928993032524,34.05562577155799,34.359171625291665
2021-05-22 09:00:00,34.17724851286788,34.24519820659492,33.27443430355718
2021-05-22 10:00:00,35.52852233381542,35.7170140710757,35.350761847507954
2021-05-22 11:00:00,39.697242144918775,39.87883050217612,39.051576757677466
2021-05-22 12:00:00,38.04909989803528,38.059175024057545,36.69576304570428
2021-05-22 13:00:00,37.05255889979671,36.89530051232116,35.5537842441149
2021-05-22 14:00:00,34.83009982521965,34.71681729828027,34.0121721360199
2021-05-22 15:00:00,32.23217921619444,32.22249767349587,33.15528600270511
2021-05-22 16:00:00,27.122005946423524,27.080769250527137,27.196720646409556
2021-05-22 17:00:00,24.50635299297507,24.38955006746056,23.95891733336109
2021-05-22 18:00:00,22.59952868861115,22.438912861487207,19.744006825449677
2021-05-22 19:00:00,19.313050287423508,19.15607321734251,16.732181272335765
2021-05-22 20:00:00,26.701740579770608,26.507159775286,28.21186469839867
2021-05-22 21:00:00,27.83517470233095,27.736399281707275,29.844930637954143
2021-05-22 22:00:00,27.752746821096583,27.77592260731776,31.11278070149896
2021-05-22 23:00:00,29.62796308297804,29.653204152489074,29.63001265595567
2021-05-23 00:00:00,32.11795416633669,31.844907158291186,32.33520756192119
2021-05-23 01:00:00,32.850708189468314,32.5908148384773,32.80534172958071
2021-05-23 02:00:00,31.78383382613139,31.524359613594616,31.66002426926908
2021-05-23 03:00:00,37.72124382153122,37.53485284169746,32.843409685960765
2021-05-23 04:00:00,33.82052043221737,33.69157960466492,32.311661704903926
2021-05-23 05:00:00,32.18979366449522,31.76118948532188,31.668359915738677
2021-05-23 06:00:00,28.10374871640158,27.63008247025669,29.254477847173327
2021-05-23 07:00:00,27.57007372287516,27.309850821095413,28.857116631783907
2021-05-23 08:00:00,18.357440006843795,18.62266793960373,17.84387370742583
2021-05-23 09:00:00,19.500697025082093,19.667167932362705,18.24898927288909
2021-05-23 10:00:00,19.071224478902224,19.367527124983763,17.865741450662465
2021-05-23 11:00:00,25.710632586283158,25.78012953089643,25.64758281587425
2021-05-23 12:00:00,29.404529366544946,29.466835437134776,27.726697820810788
2021-05-23 13:00:00,26.719127167184844,26.69777137607226,25.769861383480148
2021-05-23 14:00:00,22.590781406083277,22.369837668891854,23.204776092257315
2021-05-23 15:00:00,14.867847255315777,14.913417603563934,13.058721124190743
2021-05-23 16:00:00,13.210520594273548,13.170466298259788,12.0059890872003
2021-05-23 17:00:00,20.121497567531343,19.90438336335928,18.45037803387864
2021-05-23 18:00:00,21.69249458264568,21.4793197376472,19.30358742937933
2021-05-23 19:00:00,17.56575914792426,17.404351875451237,17.170208827571827
2021-05-23 20:00:00,16.309812217368695,16.227095969397872,14.514330201446189
2021-05-23 21:00:00,14.847351032842049,14.891552802653022,11.003310870776874
2021-05-23 22:00:00,16.503867157052973,16.66186435693119,18.30175874750621
2021-05-23 23:00:00,20.092986022217826,20.207134791099406,19.89645253377139
2021-05-24 00:00:00,23.46496980938006,23.29563158107074,22.714968355539195
2021-05-24 01:00:00,24.18937669845773,24.02060614803327,20.48297463743158
2021-05-24 02:00:00,24.861446340566086,24.684939151818263,20.37861426082161
2021-05-24 03:00:00,30.79050920191196,30.674499266697524,26.127369330783274
2021-05-24 04:00:00,26.89813294665207,26.85215914288857,26.57279250541937
2021-05-24 05:00:00,27.006216801550565,26.78055149806504,25.995285221224297
2021-05-24 06:00:00,25.524414294597875,25.23516026938957,26.924767498075365
2021-05-24 07:00:00,26.6962947703009,26.56198439600161,28.266680704167065
2021-05-24 08:00:00,25.23789174790233,25.54941420403987,25.04437125618201
2021-05-24 09:00:00,22.91995502335798,23.174203965910667,21.444888765344995
2021-05-24 10:00:00,20.87687886536688,21.329777382366093,20.085461696959584
2021-05-24 11:00:00,19.76198958770269,20.13176422167473,18.05738805549965
2021-05-24 12:00:00,19.054269983000516,19.35543432029053,17.240860010489648
2021-05-24 13:00:00,19.081622967482858,19.444216517524435,17.356895417945356
2021-05-24 14:00:00,16.80073395452807,17.1192015109184,17.254390062748005
2021-05-24 15:00:00,16.815469612110093,17.16753366282141,17.269331654071024
2021-05-24 16:00:00,15.133168240318298,15.29778589492057,13.29369100847603
2021-05-24 17:00:00,15.953667627490615,15.963477603071388,13.451828186562228
2021-05-24 18:00:00,15.794001079801305,15.892555984841136,17.292495588577577
2021-05-24 19:00:00,11.608835706702155,11.67105633008003,9.131575314142069
2021-05-24 20:00:00,10.327847373984705,10.431001084355891,9.939364435969804
2021-05-24 21:00:00,7.126442184012772,7.364669688943359,8.424990300728993
2021-05-24 22:00:00,3.566126291887836,3.942616557218487,4.489439699340211
2021-05-24 23:00:00,18.40412482109631,18.60194524177328,18.27675182435869
2021-05-25 00:00:00,22.633059909900243,22.524436476243064,19.99045671476173
2021-05-25 01:00:00,23.349119664923947,23.228477929982,23.00169250814419
2021-05-25 02:00:00,23.164238005390605,23.058816489268544,20.045554943319303
2021-05-25 03:00:00,29.1099951348444,29.09024283059499,25.28789591775313
2021-05-25 04:00:00,25.22596601363847,25.288835820009627,25.14108403894393
2021-05-25 05:00:00,24.485379009536903,24.46816396683715,22.18499233866119
2021-05-25 06:00:00,20.407681195497226,20.35799006499555,18.576930390329046
2021-05-25 07:00:00,19.03374916843703,19.245630197783004,18.477123483094925
2021-05-25 08:00:00,14.94639575979723,15.264559265131188,12.88999632361788
2021-05-25 09:00:00,15.266023321197356,15.622794389211997,12.46333139947847
2021-05-25 10:00:00,14.878353136699609,15.363822025025096,12.133342546485546
2021-05-25 11:00:00,32.76657421671183,32.954479804250255,31.08846416753848
2021-05-25 12:00:00,38.06586085755552,38.03704412757881,36.87835313042159
2021-05-25 13:00:00,35.40550006035731,35.33077940618708,32.94662474896975
2021-05-25 14:00:00,30.46193866788385,30.27351682062617,30.556932831019267
2021-05-25 15:00:00,32.24059304166073,32.17943366379355,33.256880250078225
2021-05-25 16:00:00,32.3222770774761,32.103273464231165,32.27811581440973
2021-05-25 17:00:00,32.310866565168595,31.99777006755431,33.471886968798245
2021-05-25 18:00:00,30.445644548249845,30.279792673550745,30.244858676274436
2021-05-25 19:00:00,27.1591661470622,26.99695302940605,26.57930614721021
2021-05-25 20:00:00,22.425331205616065,22.358120666017328,19.9392297152899
2021-05-25 21:00:00,20.954522887035456,21.00164438604888,16.48313662261713
2021-05-25 22:00:00,19.981755167943543,20.123440814266548,20.906734407546782
2021-05-25 23:00:00,31.36690708842333,31.383992381156755,31.118283169465105
2021-05-26 00:00:00,33.008294004194234,32.762634055684,32.804072618553526
2021-05-26 01:00:00,33.72435375921794,33.46667550942294,34.78200139404836
2021-05-26 02:00:00,35.27006897107593,35.006869184153565,36.74484964314882
2021-05-26 03:00:00,41.21582610052971,41.03829552548002,36.68315787117872
2021-05-26 04:00:00,37.30675557716191,37.17408917522388,36.96253884309096
2021-05-26 05:00:00,37.38986472131084,36.97568506780365,38.3624477554844
2021-05-26 06:00:00,33.312166907271155,32.865511165962054,37.38184604983577
2021-05-26 07:00:00,31.929887746157,31.73221818552592,32.40422113792346
2021-05-26 08:00:00,25.28817462646306,25.483021514603674,25.321037787423656
2021-05-26 09:00:00,19.500697025082093,19.667167932362705,18.24898927288909
2021-05-26 10:00:00,29.47156666677041,29.60452692116956,28.01273983346102
2021-05-26 11:00:00,30.92753129403133,30.908497093973555,30.81541430892953
2021-05-26 12:00:00,33.747782504543494,33.71934232926627,34.14608518832742
2021-05-26 13:00:00,30.13871862252233,29.88482179499065,28.516640648810288
2021-05-26 14:00:00,28.664564724060835,28.396196799393348,28.980077878010928
2021-05-26 15:00:00,29.519424032352,29.364651415199457,30.558686638984863
2021-05-26 16:00:00,29.57593328318085,29.35368612181813,30.37019613444065
2021-05-26 17:00:00,34.731271982885445,34.314948731802765,32.83664762043551
2021-05-26 18:00:00,30.236966196900813,29.75646484296095,29.516968508057484
2021-05-26 19:00:00,27.81578623140884,27.328552756538297,27.053068102312015
2021-05-26 20:00:00,25.711235133265525,25.338235519210077,24.86044850372653
2021-05-26 21:00:00,25.21423799308208,25.108817268870368,22.22574255215385
2021-05-26 22:00:00,25.12346297779375,25.12740748125726,25.82139602342169
2021-05-26 23:00:00,28.737623245120496,28.735477255096256,27.170300242381764
2021-05-27 00:00:00,31.252655730641028,30.989979600569136,31.781567194707115
2021-05-27 01:00:00,31.12011131807699,30.88095972303321,31.25547843894321
2021-05-27 02:00:00,30.935229658543648,30.71129828231976,30.10027919554438
2021-05-27 03:00:00,36.01568835230178,35.887797065924154,32.526704639152754
2021-05-27 04:00:00,32.114964962987926,32.04452382889161,31.78929633432753
2021-05-27 05:00:00,32.22291543506178,32.10091042991991,31.9285578990738
2021-05-27 06:00:00,29.85912022430551,29.658725417075217,31.089735198675267
2021-05-27 07:00:00,28.35163405238193,28.2114357382852,30.802188085615175
2021-05-27 08:00:00,21.693293355992388,21.85637571798986,21.36311140527856
2021-05-27 09:00:00,26.28104984890542,26.27871971518983,26.943283843462773
2021-05-27 10:00:00,25.843296860083903,25.894148671661377,27.14432490426684
2021-05-27 11:00:00,25.668830224601024,25.739461087704388,26.28134273514184
2021-05-27 12:00:00,24.98615202206073,25.025930525990965,22.73126722433821
2021-05-27 13:00:00,29.214790174211974,29.075353813481208,30.05809777278346
2021-05-27 14:00:00,28.580960000696574,28.31485991300926,29.233824885700443
2021-05-27 15:00:00,31.249954212331,31.138503653569455,33.46203775469378
2021-05-27 16:00:00,30.457925986984435,30.250479905987355,30.342459263359377
2021-05-27 17:00:00,26.111676162144654,25.849405607476687,24.170719654421745
2021-05-27 18:00:00,25.070216984888724,24.68969883629946,17.92510073350791
2021-05-27 19:00:00,24.362939622680145,23.92977563887371,25.597987403356456
2021-05-27 20:00:00,26.543145032745343,26.109430624037756,26.862462244152447
2021-05-27 21:00:00,26.944834864473403,26.818672384314457,24.826498246708013
2021-05-27 22:00:00,25.988761413489414,25.982335038979308,27.73682778485233
2021-05-27 23:00:00,28.679193306742768,28.58894546253111,26.395779433782696
2021-05-28 00:00:00,33.781773965296324,33.38729736794654,34.83230854324108
2021-05-28 01:00:00,37.1187704295689,36.71892083452239,37.5243307257927
2021-05-28 02:00:00,37.79918720573123,37.40418695153097,37.5243307257927
2021-05-28 03:00:00,42.87964589948935,42.58068573513537,37.35500992099102
2021-05-28 04:00:00,39.00396391233738,38.8002118377736,37.868320841926376
2021-05-28 05:00:00,39.99404047103947,39.62539797711929,41.955688373400285
2021-05-28 06:00:00,37.65528666244508,37.24601230394538,40.70189771393698
2021-05-28 07:00:00,34.50067495966978,34.29819864194719,36.07928193327281
2021-05-28 08:00:00,30.388080074631144,30.446319738402345,30.92449750018089
2021-05-28 09:00:00,28.943788919836415,28.94697017121878,28.19981085584577
2021-05-28 10:00:00,26.79213332773149,26.894410238693425,28.387841040297555
2021-05-28 11:00:00,28.22298986141821,28.19957819475256,31.932011450937857
2021-05-28 12:00:00,30.08612416164114,29.92523162686372,31.807983619970333
2021-05-28 13:00:00,30.0884357439616,29.95121448442685,30.34303184362673
2021-05-28 14:00:00,29.371200921318916,28.917392328793067,30.82092860983984
2021-05-28 15:00:00,28.57900139017068,28.32132583846509,28.746017428115472
2021-05-28 16:00:00,27.98737107353151,27.87169968532327,26.99214218504816
2021-05-28 17:00:00,29.689863164507404,29.43418517764332,28.264972449265027
2021-05-28 18:00:00,32.10946434720948,31.8221828832061,33.42267813891818
2021-05-28 19:00:00,27.092389074630518,26.82948812361732,25.688415417366787
2021-05-28 20:00:00,28.43233745116193,28.217014890730084,31.84410144003796
2021-05-28 21:00:00,30.41437574131001,30.259315728426227,34.31207504535439
2021-05-28 22:00:00,30.34029499412961,30.319772167260304,34.878629936248544
2021-05-28 23:00:00,30.468220116511823,30.445332370540346,30.25030077519897
2021-05-29 00:00:00,32.092912764174805,31.782107818620407,32.42750290026284
2021-05-29 01:00:00,31.93532694944889,31.61028860141371,32.39485480231089
2021-05-29 02:00:00,32.62409085966517,32.31648783164589,32.650067662146334
2021-05-29 03:00:00,38.56150085506499,38.32698105974874,33.148201178842065
2021-05-29 04:00:00,34.68581886791304,34.546507162386966,32.84925270791897
2021-05-29 05:00:00,34.818877433561084,34.60169598016013,33.54547494765103
2021-05-29 06:00:00,31.623172323325,31.38831586248776,33.57272731659332
2021-05-29 07:00:00,31.979837167656125,31.985811110719297,32.371811500040984
2021-05-29 08:00:00,26.22846388581973,26.65434133718988,27.62391293505656
2021-05-29 09:00:00,28.312076854827023,28.806164029609132,28.02883322158297
2021-05-29 10:00:00,28.873176446564557,29.6114503553802,28.430846591077103
2021-05-29 11:00:00,29.41382652521836,29.870897168194684,29.32002583507425
2021-05-29 12:00:00,27.79072568049676,28.114041029746893,26.5855173169216
2021-05-29 13:00:00,27.75971541801369,27.992294311489736,26.34246822880794
2021-05-29 14:00:00,28.889870652105465,29.025387979356243,29.816409025602532
2021-05-29 15:00:00,33.25607319891537,33.47515438246616,33.66248777243316
2021-05-29 16:00:00,33.31264914115654,33.400191966158914,32.254332320943675
2021-05-29 17:00:00,33.22611442236339,33.10629055046974,33.678545097334165
2021-05-29 18:00:00,27.03453360979096,26.98568112200412,27.68028300565159
2021-05-29 19:00:00,22.86606250479973,22.8060476936902,24.76851983674093
2021-05-29 20:00:00,24.18931661322323,24.15170823435578,24.26594783471649
2021-05-29 21:00:00,20.105918719447715,20.18858305477402,19.63063749606035
2021-05-29 22:00:00,9.614868207703513,9.906176348049204,8.034863114574188
2021-05-29 23:00:00,34.83644796525995,34.82463572526852,37.59965332636382
2021-05-30 00:00:00,39.964070025975374,39.68578697035472,40.81569344582967
2021-05-30 01:00:00,41.59551102101851,41.37035466115725,41.43863462986234
2021-05-30 02:00:00,42.284274931234805,42.07655389138942,41.42899324244318
2021-05-30 03:00:00,48.19664352447275,48.0242477798215,40.97361916030208
2021-05-30 04:00:00,45.16956570490852,45.0568352137346,41.764901686177815
2021-05-30 05:00:00,44.39559016459111,44.15243090766776,41.28614307710921
2021-05-30 06:00:00,39.49432958512557,39.29199501422208,41.26247474375828
2021-05-30 07:00:00,38.960654591599166,38.9717633650608,38.22878881156371
2021-05-30 08:00:00,40.93867067547063,41.0601155726128,39.7552949839586
2021-05-30 09:00:00,44.71949197965341,44.83806092758178,40.70056471780618
2021-05-30 10:00:00,42.63461345998019,42.95296590084516,39.91673390226289
2021-05-30 11:00:00,38.05859713094566,38.27124538633971,38.38810788360346
2021-05-30 12:00:00,35.63704161437241,35.762929473032685,34.850113550659344
2021-05-30 13:00:00,36.47967692163897,36.51704342572117,36.10268047855752
2021-05-30 14:00:00,34.09027516598268,33.91989794720844,35.21712617719045
2021-05-30 15:00:00,33.256273273152324,33.283163013688416,33.89859290736259
2021-05-30 16:00:00,33.329543483501425,33.250066823828355,32.79946097388133
2021-05-30 17:00:00,35.905681144226946,35.68841298709404,38.51630701382274
2021-05-30 18:00:00,38.35853748032022,38.28813739140302,40.60387385640049
2021-05-30 19:00:00,34.20676064343692,34.15037018953628,39.61734500158179
2021-05-30 20:00:00,34.656369182110794,34.62017005925623,39.91346381159588
2021-05-30 21:00:00,33.16051946136831,33.200894439617,34.014529635455204
2021-05-30 22:00:00,33.086438714187906,33.26135087845108,37.59516079943023
2021-05-30 23:00:00,34.953307842015406,35.117699310398805,37.51658430306792
2021-05-31 00:00:00,29.66396013816704,29.63598740992611,30.40690863982784
2021-05-31 01:00:00,21.735382670288075,21.8116863996682,21.516901635482352
2021-05-31 02:00:00,22.399105178342477,22.4550862902296,20.104492185628125
2021-05-31 03:00:00,27.454522469938723,27.568785734163225,22.47208482396753
2021-05-31 04:00:00,23.545451946570918,23.704579383907088,22.86420360121047
2021-05-31 05:00:00,23.645255358827765,23.548041502934044,21.648055388328764
2021-05-31 06:00:00,18.718953377200343,18.62480626981759,17.501756950125927
2021-05-31 07:00:00,19.940916657227135,20.07722907577117,20.43275881844862
2021-05-31 08:00:00,17.659017560815037,18.25039976927944,18.04303327965996
2021-05-31 09:00:00,19.700961550964845,20.233559772654825,18.58478626629485
2021-05-31 10:00:00,27.974622857477687,28.54479609891196,27.98889395562601
2021-05-31 11:00:00,33.757146354629235,34.05940693740026,33.21597335610669
2021-05-31 12:00:00,33.066187709447306,33.260946139537324,32.24698063889392
2021-05-31 13:00:00,33.01013604480235,33.07640008160939,32.73229945781062
2021-05-31 14:00:00,31.46933845673381,31.29231593437153,32.5506548865435
2021-05-31 15:00:00,31.492421248369794,31.36158119949813,33.145965263030675
2021-05-31 16:00:00,31.57403859277285,31.34941812286166,32.74013739446171
2021-05-31 17:00:00,32.39453797994517,32.01510983101248,33.76466985229057
2021-05-31 18:00:00,30.57085155905926,30.59378937190462,30.462391218463
2021-05-31 19:00:00,35.05536481102466,34.96343152081114,41.19040519647632
2021-05-31 20:00:00,36.38696605350212,36.33002517470032,41.46785034724576
2021-05-31 21:00:00,34.90781060086755,34.952615781508285,38.27843950702667
2021-05-31 22:00:00,34.817035585579234,34.971205993895175,41.51385595135126
2021-05-31 23:00:00,35.81860627771107,35.972626868120855,39.84196525651885
2021-06-01 00:00:00,37.451646059428,37.33033542942451,39.92470885204135
2021-06-01 01:00:00,36.43710894306038,36.32452176771936,37.85656045297371
2021-06-01 02:00:00,25.011694753537387,25.061735189842917,22.55247332109434
2021-06-01 03:00:00,30.949104748937216,31.07222841794577,26.392198629807933
2021-06-01 04:00:00,27.913679795319037,28.083882738635268,27.32127151387146
2021-06-01 05:00:00,28.911970105250436,29.05799623705638,28.44262562643685
2021-06-01 06:00:00,26.57321629665604,26.678610563882465,27.773673824493635
2021-06-01 07:00:00,26.00615276691377,26.27464646182682,28.18062898087773
2021-06-01 08:00:00,22.80900581330689,23.33929667241966,22.26344198437278
2021-06-01 09:00:00,20.46602768660065,20.901287094619683,19.05013442121965
2021-06-01 10:00:00,17.465767926907994,18.035665830819468,17.73837427935506
2021-06-01 11:00:00,18.879996883899103,19.234970437505503,17.119119234737504
2021-06-01 12:00:00,20.16163530626105,20.81742216149674,17.867280383295643
2021-06-01 13:00:00,20.812219838874185,21.154071632968524,18.157350614559643
2021-06-01 14:00:00,31.37725321649096,31.31804018061568,32.36474967753631
2021-06-01 15:00:00,33.11423861141034,33.05529433473919,33.47640373002688
2021-06-01 16:00:00,31.590532786643816,31.58327571808659,32.358152383434216
2021-06-01 17:00:00,29.831831134837064,29.72605097951846,28.72076545378814
2021-06-01 18:00:00,29.7055531233636,29.738861814182577,30.038407921784497
2021-06-01 19:00:00,27.28437315787162,27.31094972775993,27.468486526001733
2021-06-01 20:00:00,25.146433523512467,25.236900037537332,25.25819932609769
2021-06-01 21:00:00,21.94502833354053,22.1705686421248,18.467677704798547
2021-06-01 22:00:00,22.686163217732027,22.96035395933937,23.07839579790881
2021-06-01 23:00:00,22.83078260822216,23.1277803890666,23.820534309467416
2021-06-02 00:00:00,25.329120825634767,25.340416508092297,23.17923585836297
2021-06-02 01:00:00,26.06187484876639,26.086324188278414,24.54813887688784
2021-06-02 02:00:00,29.32983979796174,29.315439865229543,28.697165532473715
2021-06-02 03:00:00,35.26724979336157,35.325933093332395,29.847233545635696
2021-06-02 04:00:00,32.23182483974338,32.3375874140219,32.11157460179931
2021-06-02 05:00:00,32.364816713979124,32.456773354720966,32.09411537923663
2021-06-02 06:00:00,26.54817489449416,26.61581122421169,27.773673824493635
2021-06-02 07:00:00,26.84640980044756,27.06677467987809,28.313001682968054
2021-06-02 08:00:00,23.574138640355017,23.9430268714586,24.594076923857205
2021-06-02 09:00:00,23.86044435695161,24.153532419719124,22.84696221333452
2021-06-02 10:00:00,26.05197521143293,26.417476502251173,25.554357387667213
2021-06-02 11:00:00,31.90955622365781,32.18448248267772,31.29995287785057
2021-06-02 12:00:00,32.924086356293,33.097074583514015,32.00397658136694
2021-06-02 13:00:00,29.37338572123724,29.47308296472945,28.01372968338965
2021-06-02 14:00:00,27.0173725017968,26.95966993911109,27.052239494053037
2021-06-02 15:00:00,27.14883465330964,27.429059921996217,28.39329566746527
2021-06-02 16:00:00,29.79295876858384,29.89794706563152,29.7532205224124
2021-06-02 17:00:00,32.46091490390294,32.566557474356706,33.98403305637698
2021-06-02 18:00:00,34.880649469429656,34.82656093406766,37.15933198837402
2021-06-02 19:00:00,31.60251820229597,31.564654403146555,36.39308885700859
2021-06-02 20:00:00,28.5909329981872,28.614744041978327,32.01185017648582
2021-06-02 21:00:00,29.70767285263961,29.802117321952423,31.995358100502905
2021-06-02 22:00:00,31.31410617252677,31.44683019688904,36.34255656479595
2021-06-02 23:00:00,39.23806435022391,39.28767153289107,41.55911099097381
2021-06-03 00:00:00,33.075071076625925,32.93009896147274,33.000694325923035
2021-06-03 01:00:00,35.51338056898699,35.32306241743217,36.99278322854949
2021-06-03 02:00:00,36.21049161325723,36.05019476088793,36.83433530489922
2021-06-03 03:00:00,42.147901608657065,42.06068798899079,36.83433530489922
2021-06-03 04:00:00,38.24717821934321,38.217414751958245,36.8516192555165
2021-06-03 05:00:00,38.34691494018776,38.12487399391112,38.02777636468728
2021-06-03 06:00:00,35.117821293735815,34.827761423344384,39.795762209302445
2021-06-03 07:00:00,33.70215359640581,33.61073599001388,34.80928135895507
2021-06-03 08:00:00,28.83263963554836,29.304054246505515,29.30507125638102
2021-06-03 09:00:00,33.428743262515354,33.747331356929074,33.02182548385421
2021-06-03 10:00:00,29.513102262803255,29.901183856065263,29.10111544424958
2021-06-03 11:00:00,32.682969493347585,32.87314291786616,32.59589249229235
2021-06-03 12:00:00,29.354313179396534,29.469231003645056,28.723734668777062
2021-06-03 13:00:00,28.40785498548172,28.430955171250226,29.30139914839296
2021-06-03 14:00:00,30.428416748843365,30.317778613583634,30.205766432922918
2021-06-03 15:00:00,37.36547320057838,37.269528350188914,38.5837349182212
2021-06-03 16:00:00,36.581858800698086,36.33844059290449,35.463352199445055
2021-06-03 17:00:00,39.1830378635855,38.83958609584095,41.95437556285954
2021-06-03 18:00:00,39.88880313441649,39.4955977894809,39.89065307178175
2021-06-03 19:00:00,37.4258874986547,36.96302013694029,40.34733524827168
2021-06-03 20:00:00,37.01854473568687,36.59882556216179,40.443619239964455
2021-06-03 21:00:00,33.8254866797689,33.55342727997285,36.03478717615361
2021-06-03 22:00:00,34.61670436828416,34.468811276528974,39.40446418351226
2021-06-03 23:00:00,40.81006567458997,40.59979749708692,40.14007325827853
2021-06-04 00:00:00,40.72920285302351,40.28951716939366,40.412347278628594
2021-06-04 01:00:00,41.48699827831702,41.09822418925056,40.325122565728
2021-06-04 02:00:00,43.049407758282925,42.68028409042837,40.67406342440135
2021-06-04 03:00:00,48.99516488773672,48.71171043175482,40.58611360059718
2021-06-04 04:00:00,45.968087068172494,45.74429786566791,41.14663994022076
2021-06-04 05:00:00,40.91763546228823,40.75485157325831,41.91948221118913
2021-06-04 06:00:00,31.6397999000206,31.494179211860857,33.23404631768043
2021-06-04 07:00:00,31.09777777244022,31.153014449475982,32.45960739305907
2021-06-04 08:00:00,25.29638837769238,25.631948873679097,25.41637762085794
2021-06-04 09:00:00,29.0773430646998,29.281899982796247,28.294105748258776
2021-06-04 10:00:00,33.05790072895017,33.402230973337524,33.091211070579185
2021-06-04 11:00:00,34.5139320476234,34.64220402321561,34.00135713433674
2021-06-04 12:00:00,34.688338529549455,34.63467366014881,34.6528790236754
2021-06-04 13:00:00,35.597750909247694,35.556252518626025,34.21912020879059
2021-06-04 14:00:00,34.07364758928708,33.814034597835345,35.05121015688846
2021-06-04 15:00:00,34.113291266206346,34.05316033526096,35.218835929893515
2021-06-04 16:00:00,34.17821434250148,33.9991310321773,35.5252359075728
2021-06-04 17:00:00,33.27646399233643,32.975900738107626,33.852162297574566
2021-06-04 18:00:00,31.427802860700965,31.42778381640307,32.581522096459075
2021-06-04 19:00:00,31.58582393418805,31.52278817669937,34.67893745443756
2021-06-04 20:00:00,37.24391735514382,37.16401961919877,41.323660389469325
2021-06-04 21:00:00,36.63006033820493,36.64153778372877,38.79940209237077
2021-06-04 22:00:00,35.673986887220934,35.805200438393626,41.08905346247212
2021-06-04 23:00:00,37.53250888099447,37.64061575711776,40.92523944046126
2021-06-05 00:00:00,39.1655486627114,38.99832431842141,41.140137599830766
2021-06-05 01:00:00,39.88995555178907,39.72329888538394,41.4806499046851
2021-06-05 02:00:00,39.7134210263097,39.57457055789407,41.63585397180898
2021-06-05 03:00:00,45.65083102170952,45.58506378599693,41.63585397180898
2021-06-05 04:00:00,42.62375320214531,42.617651219910016,42.24373226130941
2021-06-05 05:00:00,42.69010138677399,42.44137800896852,42.24850157130501
2021-06-05 06:00:00,39.50274341059185,39.24893100451975,41.5862374376937
2021-06-05 07:00:00,36.42325591430222,36.48951536153389,38.93315672630851
2021-06-05 08:00:00,36.75394639308503,37.26933495465546,37.67316974362731
2021-06-05 09:00:00,37.91396437084356,38.29170405093571,37.8024918889821
2021-06-05 10:00:00,36.669476267528765,37.07074299639853,37.789242405233686
2021-06-05 11:00:00,33.82392342706092,34.226871843188995,33.41066279982587
2021-06-05 12:00:00,33.98984939210837,34.326402612750435,33.93757382574473
2021-06-05 13:00:00,33.8919953657813,34.10118811163046,33.46082876744514
2021-06-05 14:00:00,32.34285064365879,32.296170851168995,33.00707064150596
2021-06-05 15:00:00,33.23951231363208,33.30529391016715,33.625391328621454
2021-06-05 16:00:00,33.304502081339535,33.18726748415758,32.599141762419734
2021-06-05 17:00:00,34.125001468511854,33.852959192308404,33.759166843417226
2021-06-05 18:00:00,33.141705463984366,33.09577270539998,34.35842866972906
2021-06-05 19:00:00,29.84687992874276,29.791999948031687,28.693011021015543
2021-06-05 20:00:00,29.431190031720977,29.4068722600296,32.48773699954619
2021-06-05 21:00:00,27.095083277444704,27.195468422339108,24.93233049557775
2021-06-05 22:00:00,24.40006582101543,24.62834284833628,25.572144820567186
2021-06-05 23:00:00,25.409983647201223,25.650696835785546,25.57128720787409
2021-06-06 00:00:00,28.75692603220157,28.676394286086104,28.58621293023841
2021-06-06 01:00:00,33.80782509975755,33.67600664165886,34.671859688843085
2021-06-06 02:00:00,37.08413718300686,36.92605543183357,36.77960267497416
2021-06-06 03:00:00,43.02154717840669,42.93654865993643,36.77960267497416
2021-06-06 04:00:00,39.1291709231468,39.11420853612747,37.01914523093103
2021-06-06 05:00:00,38.35526207424171,38.14580710713471,37.97701483876354
2021-06-06 06:00:00,33.43730722666825,33.24350498724185,37.37680168152122
2021-06-06 07:00:00,30.341125462270696,30.4422231178088,32.40740513581179
2021-06-06 08:00:00,30.6551883643579,31.116179361557283,31.125406853842478
2021-06-06 09:00:00,32.730520890723554,33.183071817827035,32.74019462734195
2021-06-06 10:00:00,34.06510044356317,34.61302145586063,33.41867502069046
2021-06-06 11:00:00,35.54610647298597,35.97979096833541,34.128106228125304
2021-06-06 12:00:00,34.80499833206795,35.11972861405684,34.410075713234185
2021-06-06 13:00:00,34.75722711006465,35.02011279227842,33.68672149086152
2021-06-06 14:00:00,33.20808238794214,33.21509553181696,33.11681157111224
2021-06-06 15:00:00,35.86879615693492,35.953809036227646,37.47968994312396
2021-06-06 16:00:00,36.78239009223012,36.64884394149294,38.73160519123151
2021-06-06 17:00:00,35.87229260801111,35.60468053419967,38.31184348604442
2021-06-06 18:00:00,34.01535103373399,33.971633376345615,34.896689211355145
2021-06-06 19:00:00,32.45112236988371,32.377715734421415,34.18027814564701
2021-06-06 20:00:00,33.78272361236117,33.74430938831059,37.97192999016222
2021-06-06 21:00:00,34.03416503111793,34.07675511056265,38.89376118158596
2021-06-06 22:00:00,32.19609887633035,32.343623981058265,36.73806160683451
2021-06-06 23:00:00,32.32402399871256,32.46918418433831,34.41556973302297
2021-06-07 00:00:00,34.82236221612517,34.681820303364006,36.96661628386232
2021-06-07 01:00:00,34.68147066950718,34.55186731260449,37.14046108104045
2021-06-07 02:00:00,34.49658900997383,34.38220587189104,34.68346913008967
2021-06-07 03:00:00,40.433999005373664,40.39269909999389,34.73733429639615
2021-06-07 04:00:00,36.53327561605981,36.54942586296134,34.88713360059187
2021-06-07 05:00:00,36.65792035624159,36.64767869043682,36.92287267052885
2021-06-07 06:00:00,33.453868111951536,33.413365459540856,38.56844805007304
2021-06-07 07:00:00,32.02985328056757,32.17540691298676,32.54525568632864
2021-06-07 08:00:00,29.714632339351944,30.200848030674745,30.729735303597813
2021-06-07 09:00:00,31.773270597609677,32.225874260497314,31.544996360088387
2021-06-07 10:00:00,33.11619728450326,33.6767570117545,33.23700088783951
2021-06-07 11:00:00,31.12766243708944,31.602883180117505,31.273808925791368
2021-06-07 12:00:00,31.268546999975005,31.639614610008167,31.38547550578777
2021-06-07 13:00:00,31.15406539695233,31.30853675951509,29.41838920127536
2021-06-07 14:00:00,40.92057741130513,40.78504265522895,41.44446823679672
2021-06-07 15:00:00,41.01871771801444,41.10670306229378,39.30552571232134
2021-06-07 16:00:00,40.21834235861392,40.197746201488094,43.41129283509568
2021-06-07 17:00:00,41.90414018148189,41.71836546736096,41.89952430269261
2021-06-07 18:00:00,35.69586510080154,35.55588981244815,38.02004678702616
2021-06-07 19:00:00,30.687136962276544,30.58412816608296,31.151940288431728
2021-06-07 20:00:00,30.26309993120079,30.178067364857277,32.16014802485555
2021-06-07 21:00:00,30.51454134995755,30.510513087109327,33.95920819995386
2021-06-07 22:00:00,29.575162167081483,29.71604196822136,32.74642520776925
2021-06-07 23:00:00,32.28228832844276,32.36451861822035,34.27468192995718
2021-06-08 00:00:00,33.94036951232159,33.78502651919478,34.623521643535355
2021-06-08 01:00:00,37.269018842540206,37.09571687254704,39.75616942817417
2021-06-08 02:00:00,39.68003249009385,39.4908381049997,41.21482262671112
2021-06-08 03:00:00,45.592401083331794,45.43853199343179,41.04356197976961
2021-06-08 04:00:00,41.71671909617983,41.658058096070015,41.311571445875856
2021-06-08 05:00:00,41.8246695682537,41.71444469709831,41.59469400919989
2021-06-08 06:00:00,39.48591575965929,39.3350590239244,40.182058587779615
2021-06-08 07:00:00,37.20494962663364,37.263106032871846,38.82106178217748
2021-06-08 08:00:00,32.25209770806121,32.61909891127573,32.990342924294545
2021-06-08 09:00:00,32.513362022495926,32.76680511986548,31.678339095611523
2021-06-08 10:00:00,33.88967724560534,34.30142032401704,31.97968874196745
2021-06-08 11:00:00,35.32894760475834,35.563524270373854,35.16881133310126
2021-06-08 12:00:00,34.6128808660022,34.76626125576606,35.770068870263806
2021-06-08 13:00:00,31.969214336911904,32.101862760821504,30.62023858665413
2021-06-08 14:00:00,34.71317325705188,34.4877508360759,33.72253517837162
2021-06-08 15:00:00,41.65022970878688,41.43950057268117,39.65907870613229
2021-06-08 16:00:00,38.26237286776564,37.92269702900703,41.955589782677
2021-06-08 17:00:00,34.86489281916114,34.58588142045432,32.87519305828852
2021-06-08 18:00:00,28.65661773848079,28.423405765541517,27.778853596872644
2021-06-08 19:00:00,28.8313330800758,28.560276352284998,28.428287930472436
2021-06-08 20:00:00,26.710087713824567,26.52809288850959,28.023947040728824
2021-06-08 21:00:00,25.264320797405844,25.23441594821192,22.41355492481649
2021-06-08 22:00:00,26.920836921616768,27.004727502490084,28.517379191281904
2021-06-08 23:00:00,36.558697702597314,36.51355772748902,40.37810890037045
2021-06-09 00:00:00,39.92233435570557,39.58112140423676,40.85253276719882
2021-06-09 01:00:00,38.05084593769625,37.74131329803316,40.593007059739946
2021-06-09 02:00:00,40.46185958524991,40.13643453048583,40.85253276719882
2021-06-09 03:00:00,46.415963848757656,46.188793985035865,40.731905445480365
2021-06-09 04:00:00,42.5152404594438,42.34552074800333,40.84532093131177
2021-06-09 05:00:00,41.774653455342246,41.524848894830846,41.67969619688328
2021-06-09 06:00:00,36.814962937498976,36.51788120882003,41.25608551184734
2021-06-09 07:00:00,38.011884815363885,37.90750467510284,37.90663918166415
2021-06-09 08:00:00,32.202081595149764,32.429503109008266,32.77485449249296
2021-06-09 09:00:00,34.24402558529957,34.412663112383655,32.43548882781335
2021-06-09 10:00:00,33.86470253485578,34.17462386142034,32.55847440865581
2021-06-09 11:00:00,36.26108980429801,36.52191961095872,35.57087026266302
2021-06-09 12:00:00,36.42701576934546,36.62145038052015,36.46854272461355
2021-06-09 13:00:00,32.817951887324284,32.78692984624453,31.401428966421285
2021-06-09 14:00:00,33.024378747342666,32.81856416382385,32.83926020466639
2021-06-09 15:00:00,32.20713781403256,32.1596983338251,33.042573873186726
2021-06-09 16:00:00,30.55815828704429,30.43768014174454,29.49043059131056
2021-06-09 17:00:00,30.5217063725749,30.26937740539691,30.196103109002227
2021-06-09 18:00:00,30.312090403386463,29.944862861973277,28.8449338386362
2021-06-09 19:00:00,26.16031356650316,25.807095660106537,25.041984173024343
2021-06-09 20:00:00,28.34886611062232,28.007683758494164,29.845836392300573
2021-06-09 21:00:00,21.70296144597566,21.56350835864064,16.0854968058254
2021-06-09 22:00:00,21.620533564741297,21.603031684251125,19.858822883248184
2021-06-09 23:00:00,34.75297662472033,34.615304593032604,35.9229177682205
2021-06-10 00:00:00,38.99860598163218,38.579662053949576,39.93217696470483
2021-06-10 01:00:00,41.46195687615513,41.03542484957978,39.98702936867868
2021-06-10 02:00:00,44.78000462967425,44.39013920587246,40.342361244654384
2021-06-10 03:00:00,51.56601879266182,51.21369376525018,41.55892357804356
2021-06-10 04:00:00,49.37919800663138,49.03840941721454,44.86898048352126
2021-06-10 05:00:00,51.21781204150888,50.740654010761006,44.82845314973165
2021-06-10 06:00:00,45.409517356077885,44.92062499347533,45.06054342049335
2021-06-10 07:00:00,39.684051748377485,39.47082799798178,38.33947283284411
2021-06-10 08:00:00,28.740821160954784,29.073790001046003,28.953214064049455
2021-06-10 09:00:00,29.027126877551385,29.284295549306528,27.830370545353485
2021-06-10 10:00:00,32.93256033531611,33.216228520835486,33.71359185579449
2021-06-10 11:00:00,36.21094030856193,36.46031805454308,35.43918990667453
2021-06-10 12:00:00,34.64626940221805,34.84999370866043,33.43769227089804
2021-06-10 13:00:00,34.49005212892557,34.414250292049395,33.51687622066965
2021-06-10 14:00:00,34.73821465921375,34.55055017574667,33.529702645342454
2021-06-10 15:00:00,33.946015128065525,33.954483685418694,34.61780504995545
2021-06-10 16:00:00,30.541397327524045,30.459811038223272,29.72653189905143
2021-06-10 17:00:00,32.24388941849995,32.022296530543315,33.475322485671576
2021-06-10 18:00:00,29.46348623579872,29.13180153069841,28.20285157844298
2021-06-10 19:00:00,38.291185934350366,37.81794769466234,39.815931352518206
2021-06-10 20:00:00,46.64534027104065,46.27515916901097,44.64945525601545
2021-06-10 21:00:00,42.65376085185872,42.54229823488871,44.39143921855101
2021-06-10 22:00:00,42.5379444344085,42.498089107604834,45.81088900961528
2021-06-10 23:00:00,43.56455652870223,43.56230932150129,42.62513802900284
2021-06-11 00:00:00,44.34899214283142,44.10695655153008,42.39055379536325
2021-06-11 01:00:00,45.94704460165872,45.70779178943825,46.77456263341198
2021-06-11 02:00:00,47.46771841135482,47.1851861244981,46.27319909040859
2021-06-11 03:00:00,52.54817710511294,52.3616849081025,46.116987916019085
2021-06-11 04:00:00,48.589023777421374,48.371879878504814,45.79644456517084
2021-06-11 05:00:00,48.71366851760315,48.4701327059803,45.53199336278498
2021-06-11 06:00:00,44.63597070356347,44.35995880413871,44.69520453115353
2021-06-11 07:00:00,32.8367217778855,32.88380267814367,32.009956888342465
2021-06-11 08:00:00,16.651684463377393,17.16760353260816,17.47551406889946
2021-06-11 09:00:00,27.30487714021402,27.59537354708603,26.96879388428028
2021-06-11 10:00:00,27.78250539141193,28.191328740621174,27.67117120992469
2021-06-11 11:00:00,31.010802560333985,31.309819594987214,30.89527352327534
2021-06-11 12:00:00,27.70718764854482,27.968707020436888,27.132841369134976
2021-06-11 13:00:00,24.988396912968877,25.11591050648001,22.90764873835068
2021-06-11 14:00:00,21.76708525783277,21.7475699231396,22.09443163963776
2021-06-11 15:00:00,22.64711935111046,22.65082963276465,21.94684064194545
2021-06-11 16:00:00,22.66202631449415,22.407204527413537,22.488940632928045
2021-06-11 17:00:00,28.699357718002325,28.2652609215674,26.57691760570036
